{
 "features": [
  {
   "geometry": {
    "coordinates": [
     -122.31636,
     47.61299
    ],
    "type": "Point"
   },
   "properties": {
    "alerts": 52,
    "pm_peak_alerts": 15,
    "routes": [
     [
      "G Line",
      52
     ]
    ],
    "stop_id": "125",
    "stop_name": "Madison St & Boylston Ave"
   },
   "type": "Feature"
  },
  {
   "geometry": {
    "coordinates": [
     -122.32316,
     47.61016
    ],
    "type": "Point"
   },
   "properties": {
    "alerts": 40,
    "pm_peak_alerts": 7,
    "routes": [
     [
      "G Line",
      40
     ]
    ],
    "stop_id": "126",
    "stop_name": "Madison St & Terry Ave"
   },
   "type": "Feature"
  },
  {
   "geometry": {
    "coordinates": [
     -122.3259,
     47.60901
    ],
    "type": "Point"
   },
   "properties": {
    "alerts": 36,
    "pm_peak_alerts": 11,
    "routes": [
     [
      "G Line",
      36
     ]
    ],
    "stop_id": "127",
    "stop_name": "Madison St & 8th Ave"
   },
   "type": "Feature"
  },
  {
   "geometry": {
    "coordinates": [
     -122.31307,
     47.61436
    ],
    "type": "Point"
   },
   "properties": {
    "alerts": 30,
    "pm_peak_alerts": 5,
    "routes": [
     [
      "G Line",
      30
     ]
    ],
    "stop_id": "124",
    "stop_name": "E Madison St & 12th Ave"
   },
   "type": "Feature"
  },
  {
   "geometry": {
    "coordinates": [
     -122.33368,
     47.60583
    ],
    "type": "Point"
   },
   "properties": {
    "alerts": 24,
    "pm_peak_alerts": 6,
    "routes": [
     [
      "G Line",
      24
     ]
    ],
    "stop_id": "129",
    "stop_name": "Madison St & 3rd Ave"
   },
   "type": "Feature"
  },
  {
   "geometry": {
    "coordinates": [
     -122.33019,
     47.60722
    ],
    "type": "Point"
   },
   "properties": {
    "alerts": 23,
    "pm_peak_alerts": 7,
    "routes": [
     [
      "G Line",
      23
     ]
    ],
    "stop_id": "128",
    "stop_name": "Madison St & 5th Ave"
   },
   "type": "Feature"
  },
  {
   "geometry": {
    "coordinates": [
     -122.31388,
     47.5985
    ],
    "type": "Point"
   },
   "properties": {
    "alerts": 21,
    "pm_peak_alerts": 5,
    "routes": [
     [
      "7",
      20
     ],
     [
      "106",
      1
     ]
    ],
    "stop_id": "8530",
    "stop_name": "S Jackson St & Boren Ave S"
   },
   "type": "Feature"
  },
  {
   "geometry": {
    "coordinates": [
     -122.34054,
     47.61456
    ],
    "type": "Point"
   },
   "properties": {
    "alerts": 14,
    "pm_peak_alerts": 2,
    "routes": [
     [
      "40",
      6
     ],
     [
      "62",
      3
     ],
     [
      "E Line",
      3
     ]
    ],
    "stop_id": "420",
    "stop_name": "3rd Ave & Virginia St"
   },
   "type": "Feature"
  },
  {
   "geometry": {
    "coordinates": [
     -122.3353,
     47.60599
    ],
    "type": "Point"
   },
   "properties": {
    "alerts": 13,
    "pm_peak_alerts": 5,
    "routes": [
     [
      "G Line",
      13
     ]
    ],
    "stop_id": "101",
    "stop_name": "Spring St & 3rd Ave"
   },
   "type": "Feature"
  },
  {
   "geometry": {
    "coordinates": [
     -122.34457,
     47.68848
    ],
    "type": "Point"
   },
   "properties": {
    "alerts": 12,
    "pm_peak_alerts": 2,
    "routes": [
     [
      "E Line",
      12
     ]
    ],
    "stop_id": "7180",
    "stop_name": "Aurora Ave N & N 80th St"
   },
   "type": "Feature"
  },
  {
   "geometry": {
    "coordinates": [
     -122.33554,
     47.60543
    ],
    "type": "Point"
   },
   "properties": {
    "alerts": 11,
    "pm_peak_alerts": 4,
    "routes": [
     [
      "G Line",
      11
     ]
    ],
    "stop_id": "100",
    "stop_name": "1st Ave & Spring St"
   },
   "type": "Feature"
  },
  {
   "geometry": {
    "coordinates": [
     -122.32777,
     47.59926
    ],
    "type": "Point"
   },
   "properties": {
    "alerts": 11,
    "pm_peak_alerts": 3,
    "routes": [
     [
      "7",
      8
     ],
     [
      "36",
      3
     ]
    ],
    "stop_id": "1530",
    "stop_name": "S Jackson St & 5th Ave S"
   },
   "type": "Feature"
  },
  {
   "geometry": {
    "coordinates": [
     -122.35027,
     47.65046
    ],
    "type": "Point"
   },
   "properties": {
    "alerts": 10,
    "pm_peak_alerts": 2,
    "routes": [
     [
      "62",
      6
     ],
     [
      "40",
      4
     ]
    ],
    "stop_id": "26510",
    "stop_name": "Fremont Ave N & N 34th St"
   },
   "type": "Feature"
  },
  {
   "geometry": {
    "coordinates": [
     -122.37616,
     47.64807
    ],
    "type": "Point"
   },
   "properties": {
    "alerts": 9,
    "pm_peak_alerts": 3,
    "routes": [
     [
      "D Line",
      9
     ]
    ],
    "stop_id": "14170",
    "stop_name": "15th Ave W & W Dravus St"
   },
   "type": "Feature"
  },
  {
   "geometry": {
    "coordinates": [
     -122.32881,
     47.59995
    ],
    "type": "Point"
   },
   "properties": {
    "alerts": 9,
    "pm_peak_alerts": 3,
    "routes": [
     [
      "7",
      8
     ],
     [
      "36",
      1
     ]
    ],
    "stop_id": "1610",
    "stop_name": "Prefontaine Pl S & Yesler Way"
   },
   "type": "Feature"
  },
  {
   "geometry": {
    "coordinates": [
     -122.31304,
     47.58007
    ],
    "type": "Point"
   },
   "properties": {
    "alerts": 9,
    "pm_peak_alerts": 5,
    "routes": [
     [
      "36",
      7
     ],
     [
      "60",
      2
     ]
    ],
    "stop_id": "3810",
    "stop_name": "Beacon Ave S & S Lander St"
   },
   "type": "Feature"
  },
  {
   "geometry": {
    "coordinates": [
     -122.34731,
     47.65109
    ],
    "type": "Point"
   },
   "properties": {
    "alerts": 9,
    "pm_peak_alerts": 4,
    "routes": [
     [
      "E Line",
      9
     ]
    ],
    "stop_id": "6070",
    "stop_name": "Aurora Ave N & Lynn St"
   },
   "type": "Feature"
  },
  {
   "geometry": {
    "coordinates": [
     -122.34368,
     47.62614
    ],
    "type": "Point"
   },
   "properties": {
    "alerts": 9,
    "pm_peak_alerts": 1,
    "routes": [
     [
      "E Line",
      9
     ]
    ],
    "stop_id": "6176",
    "stop_name": "7th Ave N & Thomas St"
   },
   "type": "Feature"
  },
  {
   "geometry": {
    "coordinates": [
     -122.34515,
     47.68072
    ],
    "type": "Point"
   },
   "properties": {
    "alerts": 9,
    "pm_peak_alerts": 5,
    "routes": [
     [
      "E Line",
      9
     ]
    ],
    "stop_id": "7210",
    "stop_name": "Aurora Ave N & N 65th St"
   },
   "type": "Feature"
  },
  {
   "geometry": {
    "coordinates": [
     -122.34406,
     47.61951
    ],
    "type": "Point"
   },
   "properties": {
    "alerts": 9,
    "pm_peak_alerts": 1,
    "routes": [
     [
      "E Line",
      9
     ]
    ],
    "stop_id": "7430",
    "stop_name": "Wall St & 5th Ave"
   },
   "type": "Feature"
  },
  {
   "geometry": {
    "coordinates": [
     -122.29781,
     47.57825
    ],
    "type": "Point"
   },
   "properties": {
    "alerts": 9,
    "pm_peak_alerts": 4,
    "routes": [
     [
      "7",
      7
     ],
     [
      "106",
      2
     ]
    ],
    "stop_id": "8429",
    "stop_name": "Rainier Ave S & S Bayview St"
   },
   "type": "Feature"
  },
  {
   "geometry": {
    "coordinates": [
     -122.33359,
     47.60678
    ],
    "type": "Point"
   },
   "properties": {
    "alerts": 8,
    "pm_peak_alerts": 2,
    "routes": [
     [
      "G Line",
      8
     ]
    ],
    "stop_id": "102",
    "stop_name": "Spring St & 4th Ave"
   },
   "type": "Feature"
  },
  {
   "geometry": {
    "coordinates": [
     -122.3068,
     47.61701
    ],
    "type": "Point"
   },
   "properties": {
    "alerts": 8,
    "pm_peak_alerts": 2,
    "routes": [
     [
      "G Line",
      8
     ]
    ],
    "stop_id": "123",
    "stop_name": "E Madison St & 17th Ave"
   },
   "type": "Feature"
  },
  {
   "geometry": {
    "coordinates": [
     -122.34629,
     47.58464
    ],
    "type": "Point"
   },
   "properties": {
    "alerts": 8,
    "pm_peak_alerts": 2,
    "routes": [
     [
      "H Line",
      8
     ]
    ],
    "stop_id": "1561",
    "stop_name": "Alaskan Way S & S Jackson St"
   },
   "type": "Feature"
  },
  {
   "geometry": {
    "coordinates": [
     -122.31758,
     47.59861
    ],
    "type": "Point"
   },
   "properties": {
    "alerts": 8,
    "pm_peak_alerts": 6,
    "routes": [
     [
      "36",
      8
     ]
    ],
    "stop_id": "3600",
    "stop_name": "S Jackson St & 12th Ave S"
   },
   "type": "Feature"
  },
  {
   "geometry": {
    "coordinates": [
     -122.34509,
     47.73092
    ],
    "type": "Point"
   },
   "properties": {
    "alerts": 8,
    "pm_peak_alerts": 4,
    "routes": [
     [
      "E Line",
      8
     ]
    ],
    "stop_id": "6990",
    "stop_name": "Aurora Ave N & N 135th St"
   },
   "type": "Feature"
  },
  {
   "geometry": {
    "coordinates": [
     -122.34503,
     47.73071
    ],
    "type": "Point"
   },
   "properties": {
    "alerts": 8,
    "pm_peak_alerts": 4,
    "routes": [
     [
      "E Line",
      8
     ]
    ],
    "stop_id": "75820",
    "stop_name": "Aurora Ave N & N 145th St"
   },
   "type": "Feature"
  },
  {
   "geometry": {
    "coordinates": [
     -122.34442,
     47.68617
    ],
    "type": "Point"
   },
   "properties": {
    "alerts": 8,
    "pm_peak_alerts": 5,
    "routes": [
     [
      "E Line",
      8
     ]
    ],
    "stop_id": "7710",
    "stop_name": "Aurora Ave N & N 80th St"
   },
   "type": "Feature"
  },
  {
   "geometry": {
    "coordinates": [
     -122.33901,
     47.62597
    ],
    "type": "Point"
   },
   "properties": {
    "alerts": 7,
    "pm_peak_alerts": 4,
    "routes": [
     [
      "40",
      7
     ]
    ],
    "stop_id": "26641",
    "stop_name": "Westlake & Mercer"
   },
   "type": "Feature"
  },
  {
   "geometry": {
    "coordinates": [
     -122.31722,
     47.59678
    ],
    "type": "Point"
   },
   "properties": {
    "alerts": 7,
    "pm_peak_alerts": 3,
    "routes": [
     [
      "36",
      5
     ],
     [
      "60",
      2
     ]
    ],
    "stop_id": "3589",
    "stop_name": "12th Ave S & S Weller St"
   },
   "type": "Feature"
  },
  {
   "geometry": {
    "coordinates": [
     -122.31401,
     47.58138
    ],
    "type": "Point"
   },
   "properties": {
    "alerts": 7,
    "pm_peak_alerts": 4,
    "routes": [
     [
      "60",
      4
     ],
     [
      "36",
      3
     ]
    ],
    "stop_id": "3800",
    "stop_name": "Beacon Ave S & S Bayview St"
   },
   "type": "Feature"
  },
  {
   "geometry": {
    "coordinates": [
     -122.33663,
     47.60951
    ],
    "type": "Point"
   },
   "properties": {
    "alerts": 7,
    "pm_peak_alerts": 2,
    "routes": [
     [
      "E Line",
      4
     ],
     [
      "70",
      2
     ],
     [
      "D Line",
      1
     ]
    ],
    "stop_id": "575",
    "stop_name": "3rd Ave & Pike St"
   },
   "type": "Feature"
  },
  {
   "geometry": {
    "coordinates": [
     -122.34457,
     47.69109
    ],
    "type": "Point"
   },
   "properties": {
    "alerts": 7,
    "pm_peak_alerts": 0,
    "routes": [
     [
      "E Line",
      7
     ]
    ],
    "stop_id": "7160",
    "stop_name": "Aurora Ave N & N 85th St"
   },
   "type": "Feature"
  },
  {
   "geometry": {
    "coordinates": [
     -122.29733,
     47.57716
    ],
    "type": "Point"
   },
   "properties": {
    "alerts": 7,
    "pm_peak_alerts": 2,
    "routes": [
     [
      "7",
      5
     ],
     [
      "106",
      2
     ]
    ],
    "stop_id": "8401",
    "stop_name": "Rainier Ave S & Mount Baker Transit Center - Bay 1"
   },
   "type": "Feature"
  },
  {
   "geometry": {
    "coordinates": [
     -122.31645,
     47.61296
    ],
    "type": "Point"
   },
   "properties": {
    "alerts": 6,
    "pm_peak_alerts": 1,
    "routes": [
     [
      "G Line",
      6
     ]
    ],
    "stop_id": "106",
    "stop_name": "E Madison St & 12th Ave"
   },
   "type": "Feature"
  },
  {
   "geometry": {
    "coordinates": [
     -122.37715,
     47.69034
    ],
    "type": "Point"
   },
   "properties": {
    "alerts": 6,
    "pm_peak_alerts": 5,
    "routes": [
     [
      "40",
      4
     ],
     [
      "D Line",
      2
     ]
    ],
    "stop_id": "14360",
    "stop_name": "15th Ave NW & NW 85th St"
   },
   "type": "Feature"
  },
  {
   "geometry": {
    "coordinates": [
     -122.32895,
     47.59946
    ],
    "type": "Point"
   },
   "properties": {
    "alerts": 6,
    "pm_peak_alerts": 3,
    "routes": [
     [
      "36",
      5
     ],
     [
      "7",
      1
     ]
    ],
    "stop_id": "1471",
    "stop_name": "S Jackson St & 5th Ave S"
   },
   "type": "Feature"
  },
  {
   "geometry": {
    "coordinates": [
     -122.33829,
     47.6178
    ],
    "type": "Point"
   },
   "properties": {
    "alerts": 6,
    "pm_peak_alerts": 1,
    "routes": [
     [
      "40",
      6
     ]
    ],
    "stop_id": "26665",
    "stop_name": "Westlake & 9th-Denny"
   },
   "type": "Feature"
  },
  {
   "geometry": {
    "coordinates": [
     -122.31604,
     47.66064
    ],
    "type": "Point"
   },
   "properties": {
    "alerts": 6,
    "pm_peak_alerts": 4,
    "routes": [
     [
      "44",
      6
     ]
    ],
    "stop_id": "29455",
    "stop_name": "NE 45th St & 9th Ave NE"
   },
   "type": "Feature"
  },
  {
   "geometry": {
    "coordinates": [
     -122.29483,
     47.71927
    ],
    "type": "Point"
   },
   "properties": {
    "alerts": 6,
    "pm_peak_alerts": 3,
    "routes": [
     [
      "65",
      3
     ],
     [
      "75",
      3
     ]
    ],
    "stop_id": "35230",
    "stop_name": "NE 125th St & Lake City Way NE"
   },
   "type": "Feature"
  },
  {
   "geometry": {
    "coordinates": [
     -122.34555,
     47.61645
    ],
    "type": "Point"
   },
   "properties": {
    "alerts": 6,
    "pm_peak_alerts": 1,
    "routes": [
     [
      "E Line",
      6
     ]
    ],
    "stop_id": "400",
    "stop_name": "3rd Ave & Bell St"
   },
   "type": "Feature"
  },
  {
   "geometry": {
    "coordinates": [
     -122.33971,
     47.61151
    ],
    "type": "Point"
   },
   "properties": {
    "alerts": 6,
    "pm_peak_alerts": 0,
    "routes": [
     [
      "E Line",
      5
     ],
     [
      "D Line",
      1
     ]
    ],
    "stop_id": "431",
    "stop_name": "3rd Ave & Pike St"
   },
   "type": "Feature"
  },
  {
   "geometry": {
    "coordinates": [
     -122.33787,
     47.60983
    ],
    "type": "Point"
   },
   "properties": {
    "alerts": 6,
    "pm_peak_alerts": 2,
    "routes": [
     [
      "E Line",
      4
     ],
     [
      "D Line",
      2
     ]
    ],
    "stop_id": "600",
    "stop_name": "3rd Ave & Virginia St"
   },
   "type": "Feature"
  },
  {
   "geometry": {
    "coordinates": [
     -122.34418,
     47.61767
    ],
    "type": "Point"
   },
   "properties": {
    "alerts": 6,
    "pm_peak_alerts": 4,
    "routes": [
     [
      "E Line",
      4
     ],
     [
      "28",
      1
     ],
     [
      "5",
      1
     ]
    ],
    "stop_id": "6236",
    "stop_name": "7th Ave N & Denny Way"
   },
   "type": "Feature"
  },
  {
   "geometry": {
    "coordinates": [
     -122.34521,
     47.73547
    ],
    "type": "Point"
   },
   "properties": {
    "alerts": 6,
    "pm_peak_alerts": 2,
    "routes": [
     [
      "E Line",
      6
     ]
    ],
    "stop_id": "6950",
    "stop_name": "Aurora Ave N & N 145th St"
   },
   "type": "Feature"
  },
  {
   "geometry": {
    "coordinates": [
     -122.34475,
     47.70631
    ],
    "type": "Point"
   },
   "properties": {
    "alerts": 6,
    "pm_peak_alerts": 5,
    "routes": [
     [
      "E Line",
      6
     ]
    ],
    "stop_id": "7080",
    "stop_name": "Aurora Ave N & N 105th St"
   },
   "type": "Feature"
  },
  {
   "geometry": {
    "coordinates": [
     -122.34522,
     47.74059
    ],
    "type": "Point"
   },
   "properties": {
    "alerts": 6,
    "pm_peak_alerts": 2,
    "routes": [
     [
      "E Line",
      6
     ]
    ],
    "stop_id": "75840",
    "stop_name": "Aurora Ave N & N 155th St"
   },
   "type": "Feature"
  },
  {
   "geometry": {
    "coordinates": [
     -122.34459,
     47.70098
    ],
    "type": "Point"
   },
   "properties": {
    "alerts": 6,
    "pm_peak_alerts": 3,
    "routes": [
     [
      "E Line",
      6
     ]
    ],
    "stop_id": "7790",
    "stop_name": "Aurora Ave N & N 100th St"
   },
   "type": "Feature"
  },
  {
   "geometry": {
    "coordinates": [
     -122.33731,
     47.66138
    ],
    "type": "Point"
   },
   "properties": {
    "alerts": 5,
    "pm_peak_alerts": 1,
    "routes": [
     [
      "44",
      3
     ],
     [
      "62",
      2
     ]
    ],
    "stop_id": "29530",
    "stop_name": "N 45th St & Woodlawn Ave N"
   },
   "type": "Feature"
  },
  {
   "geometry": {
    "coordinates": [
     -122.31293,
     47.58011
    ],
    "type": "Point"
   },
   "properties": {
    "alerts": 5,
    "pm_peak_alerts": 3,
    "routes": [
     [
      "36",
      4
     ],
     [
      "60",
      1
     ]
    ],
    "stop_id": "3484",
    "stop_name": "Beacon Ave S & 15th Ave S"
   },
   "type": "Feature"
  },
  {
   "geometry": {
    "coordinates": [
     -122.31706,
     47.59424
    ],
    "type": "Point"
   },
   "properties": {
    "alerts": 5,
    "pm_peak_alerts": 3,
    "routes": [
     [
      "36",
      4
     ],
     [
      "60",
      1
     ]
    ],
    "stop_id": "3580",
    "stop_name": "S Charles St & Golf Dr S"
   },
   "type": "Feature"
  },
  {
   "geometry": {
    "coordinates": [
     -122.33178,
     47.60319
    ],
    "type": "Point"
   },
   "properties": {
    "alerts": 5,
    "pm_peak_alerts": 2,
    "routes": [
     [
      "7",
      5
     ]
    ],
    "stop_id": "538",
    "stop_name": "3rd Ave & Columbia St"
   },
   "type": "Feature"
  },
  {
   "geometry": {
    "coordinates": [
     -122.23197,
     47.38401
    ],
    "type": "Point"
   },
   "properties": {
    "alerts": 5,
    "pm_peak_alerts": 2,
    "routes": [
     [
      "164",
      5
     ]
    ],
    "stop_id": "57070",
    "stop_name": "E James St & Central Ave N"
   },
   "type": "Feature"
  },
  {
   "geometry": {
    "coordinates": [
     -122.34363,
     47.62119
    ],
    "type": "Point"
   },
   "properties": {
    "alerts": 5,
    "pm_peak_alerts": 4,
    "routes": [
     [
      "E Line",
      4
     ],
     [
      "5",
      1
     ]
    ],
    "stop_id": "6237",
    "stop_name": "7th Ave N & Harrison St"
   },
   "type": "Feature"
  },
  {
   "geometry": {
    "coordinates": [
     -122.16945,
     47.53968
    ],
    "type": "Point"
   },
   "properties": {
    "alerts": 5,
    "pm_peak_alerts": 2,
    "routes": [
     [
      "240",
      5
     ]
    ],
    "stop_id": "65740",
    "stop_name": "Newcastle Way & 129th Ave SE"
   },
   "type": "Feature"
  },
  {
   "geometry": {
    "coordinates": [
     -122.34497,
     47.72416
    ],
    "type": "Point"
   },
   "properties": {
    "alerts": 5,
    "pm_peak_alerts": 1,
    "routes": [
     [
      "E Line",
      5
     ]
    ],
    "stop_id": "7000",
    "stop_name": "Aurora Ave N & N 130th St"
   },
   "type": "Feature"
  },
  {
   "geometry": {
    "coordinates": [
     -122.34486,
     47.71458
    ],
    "type": "Point"
   },
   "properties": {
    "alerts": 5,
    "pm_peak_alerts": 1,
    "routes": [
     [
      "E Line",
      5
     ]
    ],
    "stop_id": "7040",
    "stop_name": "Aurora Ave N & N 115th St"
   },
   "type": "Feature"
  },
  {
   "geometry": {
    "coordinates": [
     -122.34719,
     47.67313
    ],
    "type": "Point"
   },
   "properties": {
    "alerts": 5,
    "pm_peak_alerts": 1,
    "routes": [
     [
      "E Line",
      5
     ]
    ],
    "stop_id": "75408",
    "stop_name": "Aurora Ave N & N 46th St"
   },
   "type": "Feature"
  },
  {
   "geometry": {
    "coordinates": [
     -122.34513,
     47.73797
    ],
    "type": "Point"
   },
   "properties": {
    "alerts": 5,
    "pm_peak_alerts": 3,
    "routes": [
     [
      "E Line",
      5
     ]
    ],
    "stop_id": "75830",
    "stop_name": "Aurora Ave N & N 152nd St"
   },
   "type": "Feature"
  },
  {
   "geometry": {
    "coordinates": [
     -122.34493,
     47.72129
    ],
    "type": "Point"
   },
   "properties": {
    "alerts": 5,
    "pm_peak_alerts": 3,
    "routes": [
     [
      "E Line",
      5
     ]
    ],
    "stop_id": "7900",
    "stop_name": "Aurora Ave N & N 130th St"
   },
   "type": "Feature"
  },
  {
   "geometry": {
    "coordinates": [
     -122.34499,
     47.72581
    ],
    "type": "Point"
   },
   "properties": {
    "alerts": 5,
    "pm_peak_alerts": 3,
    "routes": [
     [
      "E Line",
      5
     ]
    ],
    "stop_id": "7912",
    "stop_name": "Aurora Ave N & N 135th St"
   },
   "type": "Feature"
  },
  {
   "geometry": {
    "coordinates": [
     -122.31119,
     47.59543
    ],
    "type": "Point"
   },
   "properties": {
    "alerts": 5,
    "pm_peak_alerts": 1,
    "routes": [
     [
      "7",
      5
     ]
    ],
    "stop_id": "8510",
    "stop_name": "Rainier Ave S & S Dearborn St"
   },
   "type": "Feature"
  },
  {
   "geometry": {
    "coordinates": [
     -122.32308,
     47.61019
    ],
    "type": "Point"
   },
   "properties": {
    "alerts": 4,
    "pm_peak_alerts": 2,
    "routes": [
     [
      "G Line",
      4
     ]
    ],
    "stop_id": "105",
    "stop_name": "Madison St & Boylston Ave"
   },
   "type": "Feature"
  },
  {
   "geometry": {
    "coordinates": [
     -122.31238,
     47.65546
    ],
    "type": "Point"
   },
   "properties": {
    "alerts": 4,
    "pm_peak_alerts": 4,
    "routes": [
     [
      "65",
      4
     ]
    ],
    "stop_id": "10917",
    "stop_name": "15th Ave NE & NE 40th St"
   },
   "type": "Feature"
  },
  {
   "geometry": {
    "coordinates": [
     -122.31262,
     47.65823
    ],
    "type": "Point"
   },
   "properties": {
    "alerts": 4,
    "pm_peak_alerts": 1,
    "routes": [
     [
      "44",
      4
     ]
    ],
    "stop_id": "11352",
    "stop_name": "15th Ave NE & NE 42nd St"
   },
   "type": "Feature"
  },
  {
   "geometry": {
    "coordinates": [
     -122.34234,
     47.6244
    ],
    "type": "Point"
   },
   "properties": {
    "alerts": 4,
    "pm_peak_alerts": 0,
    "routes": [
     [
      "62",
      4
     ]
    ],
    "stop_id": "18388",
    "stop_name": "Dexter Ave N & Republican St"
   },
   "type": "Feature"
  },
  {
   "geometry": {
    "coordinates": [
     -122.34252,
     47.61381
    ],
    "type": "Point"
   },
   "properties": {
    "alerts": 4,
    "pm_peak_alerts": 2,
    "routes": [
     [
      "40",
      4
     ]
    ],
    "stop_id": "18440",
    "stop_name": "Blanchard St & 6th Ave"
   },
   "type": "Feature"
  },
  {
   "geometry": {
    "coordinates": [
     -122.36297,
     47.55207
    ],
    "type": "Point"
   },
   "properties": {
    "alerts": 4,
    "pm_peak_alerts": 1,
    "routes": [
     [
      "H Line",
      4
     ]
    ],
    "stop_id": "22074",
    "stop_name": "Delridge Way SW & SW Findlay St"
   },
   "type": "Feature"
  },
  {
   "geometry": {
    "coordinates": [
     -122.35598,
     47.61869
    ],
    "type": "Point"
   },
   "properties": {
    "alerts": 4,
    "pm_peak_alerts": 0,
    "routes": [
     [
      "D Line",
      4
     ]
    ],
    "stop_id": "2220",
    "stop_name": "3rd Ave & Cedar St"
   },
   "type": "Feature"
  },
  {
   "geometry": {
    "coordinates": [
     -122.35199,
     47.61805
    ],
    "type": "Point"
   },
   "properties": {
    "alerts": 4,
    "pm_peak_alerts": 1,
    "routes": [
     [
      "D Line",
      4
     ]
    ],
    "stop_id": "2330",
    "stop_name": "1st Ave N & Denny Way"
   },
   "type": "Feature"
  },
  {
   "geometry": {
    "coordinates": [
     -122.34974,
     47.64823
    ],
    "type": "Point"
   },
   "properties": {
    "alerts": 4,
    "pm_peak_alerts": 1,
    "routes": [
     [
      "40",
      4
     ]
    ],
    "stop_id": "26520",
    "stop_name": "Westlake Ave N & Dexter Ave N"
   },
   "type": "Feature"
  },
  {
   "geometry": {
    "coordinates": [
     -122.3583,
     47.62453
    ],
    "type": "Point"
   },
   "properties": {
    "alerts": 4,
    "pm_peak_alerts": 2,
    "routes": [
     [
      "D Line",
      4
     ]
    ],
    "stop_id": "2672",
    "stop_name": "Queen Anne Ave N & W Mercer St"
   },
   "type": "Feature"
  },
  {
   "geometry": {
    "coordinates": [
     -122.29579,
     47.72062
    ],
    "type": "Point"
   },
   "properties": {
    "alerts": 4,
    "pm_peak_alerts": 0,
    "routes": [
     [
      "77",
      4
     ]
    ],
    "stop_id": "35231",
    "stop_name": "NE 125th St & 28th Ave NE"
   },
   "type": "Feature"
  },
  {
   "geometry": {
    "coordinates": [
     -122.31714,
     47.59951
    ],
    "type": "Point"
   },
   "properties": {
    "alerts": 4,
    "pm_peak_alerts": 0,
    "routes": [
     [
      "60",
      4
     ]
    ],
    "stop_id": "41900",
    "stop_name": "12th Ave S & S Jackson St"
   },
   "type": "Feature"
  },
  {
   "geometry": {
    "coordinates": [
     -122.33505,
     47.60322
    ],
    "type": "Point"
   },
   "properties": {
    "alerts": 4,
    "pm_peak_alerts": 3,
    "routes": [
     [
      "125",
      4
     ]
    ],
    "stop_id": "539",
    "stop_name": "3rd Ave & Marion St"
   },
   "type": "Feature"
  },
  {
   "geometry": {
    "coordinates": [
     -122.33427,
     47.60437
    ],
    "type": "Point"
   },
   "properties": {
    "alerts": 4,
    "pm_peak_alerts": 1,
    "routes": [
     [
      "H Line",
      3
     ],
     [
      "5",
      1
     ]
    ],
    "stop_id": "548",
    "stop_name": "3rd Ave & Madison St"
   },
   "type": "Feature"
  },
  {
   "geometry": {
    "coordinates": [
     -122.33436,
     47.60601
    ],
    "type": "Point"
   },
   "properties": {
    "alerts": 4,
    "pm_peak_alerts": 3,
    "routes": [
     [
      "7",
      3
     ],
     [
      "125",
      1
     ]
    ],
    "stop_id": "558",
    "stop_name": "3rd Ave & Seneca St"
   },
   "type": "Feature"
  },
  {
   "geometry": {
    "coordinates": [
     -122.34445,
     47.69042
    ],
    "type": "Point"
   },
   "properties": {
    "alerts": 4,
    "pm_peak_alerts": 1,
    "routes": [
     [
      "E Line",
      4
     ]
    ],
    "stop_id": "7730",
    "stop_name": "Aurora Ave N & N 85th St"
   },
   "type": "Feature"
  },
  {
   "geometry": {
    "coordinates": [
     -122.34465,
     47.70544
    ],
    "type": "Point"
   },
   "properties": {
    "alerts": 4,
    "pm_peak_alerts": 1,
    "routes": [
     [
      "E Line",
      4
     ]
    ],
    "stop_id": "7810",
    "stop_name": "Aurora Ave N & N Northgate Way"
   },
   "type": "Feature"
  },
  {
   "geometry": {
    "coordinates": [
     -122.28547,
     47.55857
    ],
    "type": "Point"
   },
   "properties": {
    "alerts": 4,
    "pm_peak_alerts": 2,
    "routes": [
     [
      "7",
      4
     ]
    ],
    "stop_id": "8300",
    "stop_name": "Rainier Ave S & S Edmunds St"
   },
   "type": "Feature"
  },
  {
   "geometry": {
    "coordinates": [
     -122.32817,
     47.59903
    ],
    "type": "Point"
   },
   "properties": {
    "alerts": 4,
    "pm_peak_alerts": 1,
    "routes": [
     [
      "7",
      2
     ],
     [
      "36",
      1
     ],
     [
      "545",
      1
     ]
    ],
    "stop_id": "844",
    "stop_name": "5th Ave S & S Weller St"
   },
   "type": "Feature"
  },
  {
   "geometry": {
    "coordinates": [
     -122.3078,
     47.59102
    ],
    "type": "Point"
   },
   "properties": {
    "alerts": 4,
    "pm_peak_alerts": 1,
    "routes": [
     [
      "7",
      4
     ]
    ],
    "stop_id": "8494",
    "stop_name": "Rainier Ave S & S Charles St"
   },
   "type": "Feature"
  },
  {
   "geometry": {
    "coordinates": [
     -122.31284,
     47.65946
    ],
    "type": "Point"
   },
   "properties": {
    "alerts": 4,
    "pm_peak_alerts": 3,
    "routes": [
     [
      "44",
      4
     ]
    ],
    "stop_id": "9587",
    "stop_name": "U District Station - Bay 1"
   },
   "type": "Feature"
  },
  {
   "geometry": {
    "coordinates": [
     -122.3059,
     47.5413
    ],
    "type": "Point"
   },
   "properties": {
    "alerts": 4,
    "pm_peak_alerts": 2,
    "routes": [
     [
      "101",
      2
     ],
     [
      "150",
      2
     ]
    ],
    "stop_id": "99252",
    "stop_name": "SODO Busway & S Spokane St"
   },
   "type": "Feature"
  },
  {
   "geometry": {
    "coordinates": [
     -122.33268,
     47.62714
    ],
    "type": "Point"
   },
   "properties": {
    "alerts": 3,
    "pm_peak_alerts": 1,
    "routes": [
     [
      "70",
      3
     ]
    ],
    "stop_id": "10190",
    "stop_name": "Fairview Ave N & Aloha St"
   },
   "type": "Feature"
  },
  {
   "geometry": {
    "coordinates": [
     -122.33043,
     47.60811
    ],
    "type": "Point"
   },
   "properties": {
    "alerts": 3,
    "pm_peak_alerts": 0,
    "routes": [
     [
      "G Line",
      3
     ]
    ],
    "stop_id": "103",
    "stop_name": "Spring St & 8th Ave"
   },
   "type": "Feature"
  },
  {
   "geometry": {
    "coordinates": [
     -122.3341,
     47.62529
    ],
    "type": "Point"
   },
   "properties": {
    "alerts": 3,
    "pm_peak_alerts": 1,
    "routes": [
     [
      "70",
      3
     ]
    ],
    "stop_id": "10325",
    "stop_name": "Fairview Ave N & Valley St"
   },
   "type": "Feature"
  },
  {
   "geometry": {
    "coordinates": [
     -122.2972,
     47.5779
    ],
    "type": "Point"
   },
   "properties": {
    "alerts": 3,
    "pm_peak_alerts": 1,
    "routes": [
     [
      "14",
      3
     ]
    ],
    "stop_id": "12170",
    "stop_name": "S Mcclellan St & 31st Ave S"
   },
   "type": "Feature"
  },
  {
   "geometry": {
    "coordinates": [
     -122.37636,
     47.66369
    ],
    "type": "Point"
   },
   "properties": {
    "alerts": 3,
    "pm_peak_alerts": 0,
    "routes": [
     [
      "D Line",
      3
     ]
    ],
    "stop_id": "13760",
    "stop_name": "15th Ave NW & NW Leary Way"
   },
   "type": "Feature"
  },
  {
   "geometry": {
    "coordinates": [
     -122.3762,
     47.67054
    ],
    "type": "Point"
   },
   "properties": {
    "alerts": 3,
    "pm_peak_alerts": 1,
    "routes": [
     [
      "D Line",
      3
     ]
    ],
    "stop_id": "14250",
    "stop_name": "15th Ave NW & NW 60th St"
   },
   "type": "Feature"
  },
  {
   "geometry": {
    "coordinates": [
     -122.33503,
     47.66142
    ],
    "type": "Point"
   },
   "properties": {
    "alerts": 3,
    "pm_peak_alerts": 1,
    "routes": [
     [
      "44",
      2
     ],
     [
      "62",
      1
     ]
    ],
    "stop_id": "17310",
    "stop_name": "N 45th St & Wallingford Ave N"
   },
   "type": "Feature"
  },
  {
   "geometry": {
    "coordinates": [
     -122.37866,
     47.66404
    ],
    "type": "Point"
   },
   "properties": {
    "alerts": 3,
    "pm_peak_alerts": 3,
    "routes": [
     [
      "40",
      3
     ]
    ],
    "stop_id": "18152",
    "stop_name": "Leary Ave NW & NW Dock Pl"
   },
   "type": "Feature"
  },
  {
   "geometry": {
    "coordinates": [
     -122.34232,
     47.6268
    ],
    "type": "Point"
   },
   "properties": {
    "alerts": 3,
    "pm_peak_alerts": 0,
    "routes": [
     [
      "62",
      3
     ]
    ],
    "stop_id": "18359",
    "stop_name": "Dexter Ave N & Aloha St"
   },
   "type": "Feature"
  },
  {
   "geometry": {
    "coordinates": [
     -122.38481,
     47.66837
    ],
    "type": "Point"
   },
   "properties": {
    "alerts": 3,
    "pm_peak_alerts": 2,
    "routes": [
     [
      "40",
      3
     ]
    ],
    "stop_id": "18740",
    "stop_name": "NW Market St & Ballard Ave NW"
   },
   "type": "Feature"
  },
  {
   "geometry": {
    "coordinates": [
     -122.38758,
     47.67055
    ],
    "type": "Point"
   },
   "properties": {
    "alerts": 3,
    "pm_peak_alerts": 2,
    "routes": [
     [
      "40",
      3
     ]
    ],
    "stop_id": "19360",
    "stop_name": "24th Ave NW & NW 57th St"
   },
   "type": "Feature"
  },
  {
   "geometry": {
    "coordinates": [
     -122.36329,
     47.56636
    ],
    "type": "Point"
   },
   "properties": {
    "alerts": 3,
    "pm_peak_alerts": 1,
    "routes": [
     [
      "H Line",
      3
     ]
    ],
    "stop_id": "22010",
    "stop_name": "Delridge Way SW & SW Genesee St"
   },
   "type": "Feature"
  },
  {
   "geometry": {
    "coordinates": [
     -122.36263,
     47.52204
    ],
    "type": "Point"
   },
   "properties": {
    "alerts": 3,
    "pm_peak_alerts": 1,
    "routes": [
     [
      "H Line",
      3
     ]
    ],
    "stop_id": "22184",
    "stop_name": "Delridge Way SW & SW Henderson St"
   },
   "type": "Feature"
  },
  {
   "geometry": {
    "coordinates": [
     -122.3389,
     47.61759
    ],
    "type": "Point"
   },
   "properties": {
    "alerts": 3,
    "pm_peak_alerts": 1,
    "routes": [
     [
      "40",
      3
     ]
    ],
    "stop_id": "26690",
    "stop_name": "Westlake & 9th-Denny"
   },
   "type": "Feature"
  },
  {
   "geometry": {
    "coordinates": [
     -122.34876,
     47.64565
    ],
    "type": "Point"
   },
   "properties": {
    "alerts": 3,
    "pm_peak_alerts": 1,
    "routes": [
     [
      "40",
      3
     ]
    ],
    "stop_id": "26850",
    "stop_name": "Westlake Ave N & Westlake Aly"
   },
   "type": "Feature"
  },
  {
   "geometry": {
    "coordinates": [
     -122.34933,
     47.64591
    ],
    "type": "Point"
   },
   "properties": {
    "alerts": 3,
    "pm_peak_alerts": 2,
    "routes": [
     [
      "40",
      3
     ]
    ],
    "stop_id": "26862",
    "stop_name": "Fremont Pl N & N 36th St"
   },
   "type": "Feature"
  },
  {
   "geometry": {
    "coordinates": [
     -122.34681,
     47.66212
    ],
    "type": "Point"
   },
   "properties": {
    "alerts": 3,
    "pm_peak_alerts": 1,
    "routes": [
     [
      "44",
      3
     ]
    ],
    "stop_id": "29581",
    "stop_name": "N 46th St & Linden Ave N"
   },
   "type": "Feature"
  },
  {
   "geometry": {
    "coordinates": [
     -122.2953,
     47.53894
    ],
    "type": "Point"
   },
   "properties": {
    "alerts": 3,
    "pm_peak_alerts": 2,
    "routes": [
     [
      "36",
      3
     ]
    ],
    "stop_id": "30340",
    "stop_name": "Beacon Ave S & S Myrtle St"
   },
   "type": "Feature"
  },
  {
   "geometry": {
    "coordinates": [
     -122.27879,
     47.52412
    ],
    "type": "Point"
   },
   "properties": {
    "alerts": 3,
    "pm_peak_alerts": 1,
    "routes": [
     [
      "106",
      3
     ]
    ],
    "stop_id": "31132",
    "stop_name": "S Henderson St & Martin L King Jr Way S"
   },
   "type": "Feature"
  },
  {
   "geometry": {
    "coordinates": [
     -122.26998,
     47.52371
    ],
    "type": "Point"
   },
   "properties": {
    "alerts": 3,
    "pm_peak_alerts": 2,
    "routes": [
     [
      "7",
      3
     ]
    ],
    "stop_id": "31137",
    "stop_name": "S Henderson St & Rainier Ave S"
   },
   "type": "Feature"
  },
  {
   "geometry": {
    "coordinates": [
     -122.31048,
     47.57717
    ],
    "type": "Point"
   },
   "properties": {
    "alerts": 3,
    "pm_peak_alerts": 0,
    "routes": [
     [
      "36",
      3
     ]
    ],
    "stop_id": "3470",
    "stop_name": "Beacon Ave S & S Lander St"
   },
   "type": "Feature"
  },
  {
   "geometry": {
    "coordinates": [
     -122.2962,
     47.71863
    ],
    "type": "Point"
   },
   "properties": {
    "alerts": 3,
    "pm_peak_alerts": 2,
    "routes": [
     [
      "77",
      3
     ]
    ],
    "stop_id": "35237",
    "stop_name": "30th Ave NE & Lake City Way NE"
   },
   "type": "Feature"
  },
  {
   "geometry": {
    "coordinates": [
     -122.31744,
     47.59887
    ],
    "type": "Point"
   },
   "properties": {
    "alerts": 3,
    "pm_peak_alerts": 2,
    "routes": [
     [
      "36",
      3
     ]
    ],
    "stop_id": "3700",
    "stop_name": "12th Ave S & S Jackson St"
   },
   "type": "Feature"
  },
  {
   "geometry": {
    "coordinates": [
     -122.31722,
     47.59769
    ],
    "type": "Point"
   },
   "properties": {
    "alerts": 3,
    "pm_peak_alerts": 3,
    "routes": [
     [
      "36",
      3
     ]
    ],
    "stop_id": "3710",
    "stop_name": "12th Ave S & S Weller St"
   },
   "type": "Feature"
  },
  {
   "geometry": {
    "coordinates": [
     -122.30476,
     47.56002
    ],
    "type": "Point"
   },
   "properties": {
    "alerts": 3,
    "pm_peak_alerts": 1,
    "routes": [
     [
      "36",
      3
     ]
    ],
    "stop_id": "3883",
    "stop_name": "Beacon Ave S & S Columbian Way"
   },
   "type": "Feature"
  },
  {
   "geometry": {
    "coordinates": [
     -122.29964,
     47.53972
    ],
    "type": "Point"
   },
   "properties": {
    "alerts": 3,
    "pm_peak_alerts": 0,
    "routes": [
     [
      "107",
      3
     ]
    ],
    "stop_id": "45700",
    "stop_name": "Swift Ave S & S Willow St"
   },
   "type": "Feature"
  },
  {
   "geometry": {
    "coordinates": [
     -122.33766,
     47.6096
    ],
    "type": "Point"
   },
   "properties": {
    "alerts": 3,
    "pm_peak_alerts": 1,
    "routes": [
     [
      "E Line",
      2
     ],
     [
      "124",
      1
     ]
    ],
    "stop_id": "468",
    "stop_name": "3rd Ave & Seneca St"
   },
   "type": "Feature"
  },
  {
   "geometry": {
    "coordinates": [
     -122.3539,
     47.5136
    ],
    "type": "Point"
   },
   "properties": {
    "alerts": 3,
    "pm_peak_alerts": 2,
    "routes": [
     [
      "H Line",
      3
     ]
    ],
    "stop_id": "52051",
    "stop_name": "15th Ave SW & SW 102nd St"
   },
   "type": "Feature"
  },
  {
   "geometry": {
    "coordinates": [
     -122.3356,
     47.60737
    ],
    "type": "Point"
   },
   "properties": {
    "alerts": 3,
    "pm_peak_alerts": 1,
    "routes": [
     [
      "28",
      1
     ],
     [
      "62",
      1
     ],
     [
      "H Line",
      1
     ]
    ],
    "stop_id": "570",
    "stop_name": "3rd Ave & Union St"
   },
   "type": "Feature"
  },
  {
   "geometry": {
    "coordinates": [
     -122.3437,
     47.62269
    ],
    "type": "Point"
   },
   "properties": {
    "alerts": 3,
    "pm_peak_alerts": 2,
    "routes": [
     [
      "E Line",
      3
     ]
    ],
    "stop_id": "6300",
    "stop_name": "Aurora Ave N & Galer St"
   },
   "type": "Feature"
  },
  {
   "geometry": {
    "coordinates": [
     -122.1781,
     47.5669
    ],
    "type": "Point"
   },
   "properties": {
    "alerts": 3,
    "pm_peak_alerts": 2,
    "routes": [
     [
      "240",
      3
     ]
    ],
    "stop_id": "65570",
    "stop_name": "119th Ave SE & Coal Creek Pkwy SE"
   },
   "type": "Feature"
  },
  {
   "geometry": {
    "coordinates": [
     -122.34474,
     47.70369
    ],
    "type": "Point"
   },
   "properties": {
    "alerts": 3,
    "pm_peak_alerts": 1,
    "routes": [
     [
      "E Line",
      3
     ]
    ],
    "stop_id": "7100",
    "stop_name": "Aurora Ave N & N 100th St"
   },
   "type": "Feature"
  },
  {
   "geometry": {
    "coordinates": [
     -122.31478,
     47.63137
    ],
    "type": "Point"
   },
   "properties": {
    "alerts": 3,
    "pm_peak_alerts": 0,
    "routes": [
     [
      "545",
      3
     ]
    ],
    "stop_id": "71348",
    "stop_name": "Sr 520 & Evergreen Point Rd"
   },
   "type": "Feature"
  },
  {
   "geometry": {
    "coordinates": [
     -122.34454,
     47.68381
    ],
    "type": "Point"
   },
   "properties": {
    "alerts": 3,
    "pm_peak_alerts": 0,
    "routes": [
     [
      "E Line",
      3
     ]
    ],
    "stop_id": "7200",
    "stop_name": "Aurora Ave N & N 76th St"
   },
   "type": "Feature"
  },
  {
   "geometry": {
    "coordinates": [
     -122.12105,
     47.67444
    ],
    "type": "Point"
   },
   "properties": {
    "alerts": 3,
    "pm_peak_alerts": 2,
    "routes": [
     [
      "545",
      3
     ]
    ],
    "stop_id": "72488",
    "stop_name": "Redmond Way & 166th Ave NE"
   },
   "type": "Feature"
  },
  {
   "geometry": {
    "coordinates": [
     -122.31091,
     47.6552
    ],
    "type": "Point"
   },
   "properties": {
    "alerts": 3,
    "pm_peak_alerts": 1,
    "routes": [
     [
      "72",
      3
     ]
    ],
    "stop_id": "75405",
    "stop_name": "West Stevens Way NE & George Washington Ln"
   },
   "type": "Feature"
  },
  {
   "geometry": {
    "coordinates": [
     -122.30354,
     47.65956
    ],
    "type": "Point"
   },
   "properties": {
    "alerts": 3,
    "pm_peak_alerts": 0,
    "routes": [
     [
      "67",
      2
     ],
     [
      "72",
      1
     ]
    ],
    "stop_id": "75406",
    "stop_name": "East Stevens Way NE & Pend Oreille Rd"
   },
   "type": "Feature"
  },
  {
   "geometry": {
    "coordinates": [
     -122.31237,
     47.65565
    ],
    "type": "Point"
   },
   "properties": {
    "alerts": 3,
    "pm_peak_alerts": 0,
    "routes": [
     [
      "75",
      3
     ]
    ],
    "stop_id": "75418",
    "stop_name": "Stevens Way & Asotin Pl"
   },
   "type": "Feature"
  },
  {
   "geometry": {
    "coordinates": [
     -122.34558,
     47.74893
    ],
    "type": "Point"
   },
   "properties": {
    "alerts": 3,
    "pm_peak_alerts": 0,
    "routes": [
     [
      "E Line",
      3
     ]
    ],
    "stop_id": "75780",
    "stop_name": "Aurora Ave N & N 165th St"
   },
   "type": "Feature"
  },
  {
   "geometry": {
    "coordinates": [
     -122.33707,
     47.61235
    ],
    "type": "Point"
   },
   "properties": {
    "alerts": 3,
    "pm_peak_alerts": 3,
    "routes": [
     [
      "545",
      3
     ]
    ],
    "stop_id": "760",
    "stop_name": "5th Ave & Pine St"
   },
   "type": "Feature"
  },
  {
   "geometry": {
    "coordinates": [
     -122.2956,
     47.71914
    ],
    "type": "Point"
   },
   "properties": {
    "alerts": 3,
    "pm_peak_alerts": 2,
    "routes": [
     [
      "72",
      2
     ],
     [
      "322",
      1
     ]
    ],
    "stop_id": "76720",
    "stop_name": "Lake City Way NE & NE 125th St"
   },
   "type": "Feature"
  },
  {
   "geometry": {
    "coordinates": [
     -122.34525,
     47.68291
    ],
    "type": "Point"
   },
   "properties": {
    "alerts": 3,
    "pm_peak_alerts": 3,
    "routes": [
     [
      "E Line",
      3
     ]
    ],
    "stop_id": "7690",
    "stop_name": "Aurora Ave N & N 76th St"
   },
   "type": "Feature"
  },
  {
   "geometry": {
    "coordinates": [
     -122.34448,
     47.69179
    ],
    "type": "Point"
   },
   "properties": {
    "alerts": 3,
    "pm_peak_alerts": 1,
    "routes": [
     [
      "E Line",
      3
     ]
    ],
    "stop_id": "7750",
    "stop_name": "Aurora Ave N & N 91st St"
   },
   "type": "Feature"
  },
  {
   "geometry": {
    "coordinates": [
     -122.34488,
     47.71763
    ],
    "type": "Point"
   },
   "properties": {
    "alerts": 3,
    "pm_peak_alerts": 2,
    "routes": [
     [
      "E Line",
      3
     ]
    ],
    "stop_id": "7880",
    "stop_name": "Aurora Ave N & N 125th St"
   },
   "type": "Feature"
  },
  {
   "geometry": {
    "coordinates": [
     -122.24878,
     47.46428
    ],
    "type": "Point"
   },
   "properties": {
    "alerts": 3,
    "pm_peak_alerts": 1,
    "routes": [
     [
      "150",
      3
     ]
    ],
    "stop_id": "80680",
    "stop_name": "Interurban Ave S & Fort Dent Way"
   },
   "type": "Feature"
  },
  {
   "geometry": {
    "coordinates": [
     -122.27048,
     47.53753
    ],
    "type": "Point"
   },
   "properties": {
    "alerts": 3,
    "pm_peak_alerts": 0,
    "routes": [
     [
      "7",
      3
     ]
    ],
    "stop_id": "8160",
    "stop_name": "Rainier Ave S & S Othello St"
   },
   "type": "Feature"
  },
  {
   "geometry": {
    "coordinates": [
     -122.29269,
     47.73344
    ],
    "type": "Point"
   },
   "properties": {
    "alerts": 3,
    "pm_peak_alerts": 1,
    "routes": [
     [
      "72",
      3
     ]
    ],
    "stop_id": "82111",
    "stop_name": "NE 145th St & Bothell Way NE"
   },
   "type": "Feature"
  },
  {
   "geometry": {
    "coordinates": [
     -122.29037,
     47.56922
    ],
    "type": "Point"
   },
   "properties": {
    "alerts": 3,
    "pm_peak_alerts": 0,
    "routes": [
     [
      "7",
      3
     ]
    ],
    "stop_id": "8360",
    "stop_name": "Rainier Ave S & 33rd Ave S"
   },
   "type": "Feature"
  },
  {
   "geometry": {
    "coordinates": [
     -122.29276,
     47.5715
    ],
    "type": "Point"
   },
   "properties": {
    "alerts": 3,
    "pm_peak_alerts": 3,
    "routes": [
     [
      "7",
      3
     ]
    ],
    "stop_id": "8380",
    "stop_name": "Rainier Ave S & S Walden St"
   },
   "type": "Feature"
  },
  {
   "geometry": {
    "coordinates": [
     -122.29653,
     47.57624
    ],
    "type": "Point"
   },
   "properties": {
    "alerts": 3,
    "pm_peak_alerts": 1,
    "routes": [
     [
      "7",
      3
     ]
    ],
    "stop_id": "8400",
    "stop_name": "Rainier Ave S & S Mount Baker Blvd"
   },
   "type": "Feature"
  },
  {
   "geometry": {
    "coordinates": [
     -122.30303,
     47.58474
    ],
    "type": "Point"
   },
   "properties": {
    "alerts": 3,
    "pm_peak_alerts": 1,
    "routes": [
     [
      "7",
      3
     ]
    ],
    "stop_id": "8450",
    "stop_name": "Rainier Ave S & S Plum St"
   },
   "type": "Feature"
  },
  {
   "geometry": {
    "coordinates": [
     -122.3155,
     47.59898
    ],
    "type": "Point"
   },
   "properties": {
    "alerts": 3,
    "pm_peak_alerts": 2,
    "routes": [
     [
      "7",
      3
     ]
    ],
    "stop_id": "8550",
    "stop_name": "Rainier Ave S & S King St"
   },
   "type": "Feature"
  },
  {
   "geometry": {
    "coordinates": [
     -122.28655,
     47.56014
    ],
    "type": "Point"
   },
   "properties": {
    "alerts": 3,
    "pm_peak_alerts": 2,
    "routes": [
     [
      "7",
      3
     ]
    ],
    "stop_id": "8780",
    "stop_name": "Rainier Ave S & S Alaska St"
   },
   "type": "Feature"
  },
  {
   "geometry": {
    "coordinates": [
     -122.27,
     47.52712
    ],
    "type": "Point"
   },
   "properties": {
    "alerts": 3,
    "pm_peak_alerts": 2,
    "routes": [
     [
      "7",
      3
     ]
    ],
    "stop_id": "8990",
    "stop_name": "Rainier Ave S & S Cloverdale St"
   },
   "type": "Feature"
  },
  {
   "geometry": {
    "coordinates": [
     -122.32772,
     47.62661
    ],
    "type": "Point"
   },
   "properties": {
    "alerts": 3,
    "pm_peak_alerts": 1,
    "routes": [
     [
      "545",
      3
     ]
    ],
    "stop_id": "905",
    "stop_name": "Stewart St & Yale Ave N"
   },
   "type": "Feature"
  },
  {
   "geometry": {
    "coordinates": [
     -122.33068,
     47.61852
    ],
    "type": "Point"
   },
   "properties": {
    "alerts": 3,
    "pm_peak_alerts": 2,
    "routes": [
     [
      "545",
      3
     ]
    ],
    "stop_id": "940",
    "stop_name": "Stewart St & 9th Ave"
   },
   "type": "Feature"
  },
  {
   "geometry": {
    "coordinates": [
     -122.31659,
     47.66019
    ],
    "type": "Point"
   },
   "properties": {
    "alerts": 3,
    "pm_peak_alerts": 2,
    "routes": [
     [
      "67",
      2
     ],
     [
      "72",
      1
     ]
    ],
    "stop_id": "9650",
    "stop_name": "11th Ave NE & NE 45th St"
   },
   "type": "Feature"
  },
  {
   "geometry": {
    "coordinates": [
     -122.32752,
     47.58484
    ],
    "type": "Point"
   },
   "properties": {
    "alerts": 3,
    "pm_peak_alerts": 1,
    "routes": [
     [
      "150",
      3
     ]
    ],
    "stop_id": "99264",
    "stop_name": "SODO Busway & S Holgate St"
   },
   "type": "Feature"
  },
  {
   "geometry": {
    "coordinates": [
     -122.33377,
     47.62551
    ],
    "type": "Point"
   },
   "properties": {
    "alerts": 2,
    "pm_peak_alerts": 0,
    "routes": [
     [
      "70",
      2
     ]
    ],
    "stop_id": "10210",
    "stop_name": "Fairview Ave N & Mercer St"
   },
   "type": "Feature"
  },
  {
   "geometry": {
    "coordinates": [
     -122.31116,
     47.61516
    ],
    "type": "Point"
   },
   "properties": {
    "alerts": 2,
    "pm_peak_alerts": 0,
    "routes": [
     [
      "G Line",
      2
     ]
    ],
    "stop_id": "107",
    "stop_name": "E Madison St & 17th Ave"
   },
   "type": "Feature"
  },
  {
   "geometry": {
    "coordinates": [
     -122.30228,
     47.61934
    ],
    "type": "Point"
   },
   "properties": {
    "alerts": 2,
    "pm_peak_alerts": 1,
    "routes": [
     [
      "G Line",
      2
     ]
    ],
    "stop_id": "109",
    "stop_name": "E Madison St & 24th Ave E"
   },
   "type": "Feature"
  },
  {
   "geometry": {
    "coordinates": [
     -122.31466,
     47.6612
    ],
    "type": "Point"
   },
   "properties": {
    "alerts": 2,
    "pm_peak_alerts": 1,
    "routes": [
     [
      "44",
      2
     ]
    ],
    "stop_id": "10911",
    "stop_name": "U District Station - Bay 3"
   },
   "type": "Feature"
  },
  {
   "geometry": {
    "coordinates": [
     -122.33871,
     47.61033
    ],
    "type": "Point"
   },
   "properties": {
    "alerts": 2,
    "pm_peak_alerts": 2,
    "routes": [
     [
      "12",
      2
     ]
    ],
    "stop_id": "1180",
    "stop_name": "Pike St & 4th Ave"
   },
   "type": "Feature"
  },
  {
   "geometry": {
    "coordinates": [
     -122.30191,
     47.59315
    ],
    "type": "Point"
   },
   "properties": {
    "alerts": 2,
    "pm_peak_alerts": 1,
    "routes": [
     [
      "4",
      1
     ],
     [
      "8",
      1
     ]
    ],
    "stop_id": "12532",
    "stop_name": "23rd Ave S & S Lane St"
   },
   "type": "Feature"
  },
  {
   "geometry": {
    "coordinates": [
     -122.32331,
     47.60528
    ],
    "type": "Point"
   },
   "properties": {
    "alerts": 2,
    "pm_peak_alerts": 0,
    "routes": [
     [
      "4",
      2
     ]
    ],
    "stop_id": "12880",
    "stop_name": "Jefferson St & 9th Ave"
   },
   "type": "Feature"
  },
  {
   "geometry": {
    "coordinates": [
     -122.32563,
     47.60913
    ],
    "type": "Point"
   },
   "properties": {
    "alerts": 2,
    "pm_peak_alerts": 0,
    "routes": [
     [
      "60",
      2
     ]
    ],
    "stop_id": "13291",
    "stop_name": "Madison St & Boren Ave"
   },
   "type": "Feature"
  },
  {
   "geometry": {
    "coordinates": [
     -122.3762,
     47.67112
    ],
    "type": "Point"
   },
   "properties": {
    "alerts": 2,
    "pm_peak_alerts": 1,
    "routes": [
     [
      "D Line",
      2
     ]
    ],
    "stop_id": "13721",
    "stop_name": "15th Ave NW & NW Market St"
   },
   "type": "Feature"
  },
  {
   "geometry": {
    "coordinates": [
     -122.37626,
     47.66004
    ],
    "type": "Point"
   },
   "properties": {
    "alerts": 2,
    "pm_peak_alerts": 1,
    "routes": [
     [
      "D Line",
      2
     ]
    ],
    "stop_id": "13770",
    "stop_name": "15th Ave W & W Emerson St"
   },
   "type": "Feature"
  },
  {
   "geometry": {
    "coordinates": [
     -122.37605,
     47.63379
    ],
    "type": "Point"
   },
   "properties": {
    "alerts": 2,
    "pm_peak_alerts": 1,
    "routes": [
     [
      "D Line",
      2
     ]
    ],
    "stop_id": "13870",
    "stop_name": "Elliott Ave W & W Galer St"
   },
   "type": "Feature"
  },
  {
   "geometry": {
    "coordinates": [
     -122.36612,
     47.62596
    ],
    "type": "Point"
   },
   "properties": {
    "alerts": 2,
    "pm_peak_alerts": 0,
    "routes": [
     [
      "D Line",
      2
     ]
    ],
    "stop_id": "13910",
    "stop_name": "W Mercer St & 3rd Ave W"
   },
   "type": "Feature"
  },
  {
   "geometry": {
    "coordinates": [
     -122.3751,
     47.63191
    ],
    "type": "Point"
   },
   "properties": {
    "alerts": 2,
    "pm_peak_alerts": 0,
    "routes": [
     [
      "D Line",
      2
     ]
    ],
    "stop_id": "14090",
    "stop_name": "Elliott Ave W & W Galer St"
   },
   "type": "Feature"
  },
  {
   "geometry": {
    "coordinates": [
     -122.37607,
     47.66325
    ],
    "type": "Point"
   },
   "properties": {
    "alerts": 2,
    "pm_peak_alerts": 2,
    "routes": [
     [
      "D Line",
      2
     ]
    ],
    "stop_id": "14200",
    "stop_name": "15th Ave NW & NW Leary Way"
   },
   "type": "Feature"
  },
  {
   "geometry": {
    "coordinates": [
     -122.37616,
     47.66536
    ],
    "type": "Point"
   },
   "properties": {
    "alerts": 2,
    "pm_peak_alerts": 1,
    "routes": [
     [
      "D Line",
      2
     ]
    ],
    "stop_id": "14230",
    "stop_name": "15th Ave NW & NW Market St"
   },
   "type": "Feature"
  },
  {
   "geometry": {
    "coordinates": [
     -122.37641,
     47.67595
    ],
    "type": "Point"
   },
   "properties": {
    "alerts": 2,
    "pm_peak_alerts": 1,
    "routes": [
     [
      "D Line",
      2
     ]
    ],
    "stop_id": "14280",
    "stop_name": "15th Ave NW & NW 65th St"
   },
   "type": "Feature"
  },
  {
   "geometry": {
    "coordinates": [
     -122.33445,
     47.60362
    ],
    "type": "Point"
   },
   "properties": {
    "alerts": 2,
    "pm_peak_alerts": 1,
    "routes": [
     [
      "H Line",
      2
     ]
    ],
    "stop_id": "1558",
    "stop_name": "Columbia St & Alaskan Way"
   },
   "type": "Feature"
  },
  {
   "geometry": {
    "coordinates": [
     -122.33637,
     47.60197
    ],
    "type": "Point"
   },
   "properties": {
    "alerts": 2,
    "pm_peak_alerts": 0,
    "routes": [
     [
      "H Line",
      2
     ]
    ],
    "stop_id": "1559",
    "stop_name": "Alaskan Way & Columbia St"
   },
   "type": "Feature"
  },
  {
   "geometry": {
    "coordinates": [
     -122.3362,
     47.60214
    ],
    "type": "Point"
   },
   "properties": {
    "alerts": 2,
    "pm_peak_alerts": 1,
    "routes": [
     [
      "H Line",
      2
     ]
    ],
    "stop_id": "1562",
    "stop_name": "Alaskan Way S & S Jackson St"
   },
   "type": "Feature"
  },
  {
   "geometry": {
    "coordinates": [
     -122.33335,
     47.6724
    ],
    "type": "Point"
   },
   "properties": {
    "alerts": 2,
    "pm_peak_alerts": 0,
    "routes": [
     [
      "62",
      2
     ]
    ],
    "stop_id": "17230",
    "stop_name": "Kirkwood Pl N & N 59th St"
   },
   "type": "Feature"
  },
  {
   "geometry": {
    "coordinates": [
     -122.33372,
     47.6649
    ],
    "type": "Point"
   },
   "properties": {
    "alerts": 2,
    "pm_peak_alerts": 1,
    "routes": [
     [
      "62",
      2
     ]
    ],
    "stop_id": "17280",
    "stop_name": "Meridian Ave N & N 50th St"
   },
   "type": "Feature"
  },
  {
   "geometry": {
    "coordinates": [
     -122.33305,
     47.66865
    ],
    "type": "Point"
   },
   "properties": {
    "alerts": 2,
    "pm_peak_alerts": 1,
    "routes": [
     [
      "62",
      2
     ]
    ],
    "stop_id": "17470",
    "stop_name": "N 56th St & Keystone Pl N"
   },
   "type": "Feature"
  },
  {
   "geometry": {
    "coordinates": [
     -122.33317,
     47.67212
    ],
    "type": "Point"
   },
   "properties": {
    "alerts": 2,
    "pm_peak_alerts": 2,
    "routes": [
     [
      "62",
      2
     ]
    ],
    "stop_id": "17510",
    "stop_name": "Woodlawn Ave N & N 63rd St"
   },
   "type": "Feature"
  },
  {
   "geometry": {
    "coordinates": [
     -122.3848,
     47.66868
    ],
    "type": "Point"
   },
   "properties": {
    "alerts": 2,
    "pm_peak_alerts": 1,
    "routes": [
     [
      "40",
      2
     ]
    ],
    "stop_id": "18145",
    "stop_name": "Leary Ave NW & NW Vernon Pl"
   },
   "type": "Feature"
  },
  {
   "geometry": {
    "coordinates": [
     -122.34233,
     47.6256
    ],
    "type": "Point"
   },
   "properties": {
    "alerts": 2,
    "pm_peak_alerts": 0,
    "routes": [
     [
      "62",
      2
     ]
    ],
    "stop_id": "18370",
    "stop_name": "Dexter Ave N & Roy St"
   },
   "type": "Feature"
  },
  {
   "geometry": {
    "coordinates": [
     -122.34941,
     47.64568
    ],
    "type": "Point"
   },
   "properties": {
    "alerts": 2,
    "pm_peak_alerts": 1,
    "routes": [
     [
      "62",
      2
     ]
    ],
    "stop_id": "18590",
    "stop_name": "Dexter Ave N & 4th Ave N"
   },
   "type": "Feature"
  },
  {
   "geometry": {
    "coordinates": [
     -122.38167,
     47.66629
    ],
    "type": "Point"
   },
   "properties": {
    "alerts": 2,
    "pm_peak_alerts": 0,
    "routes": [
     [
      "40",
      2
     ]
    ],
    "stop_id": "18720",
    "stop_name": "Leary Ave NW & NW Vernon Pl"
   },
   "type": "Feature"
  },
  {
   "geometry": {
    "coordinates": [
     -122.35478,
     47.51742
    ],
    "type": "Point"
   },
   "properties": {
    "alerts": 2,
    "pm_peak_alerts": 1,
    "routes": [
     [
      "60",
      2
     ]
    ],
    "stop_id": "21080",
    "stop_name": "SW Roxbury St & 15th Ave SW - Bay 3"
   },
   "type": "Feature"
  },
  {
   "geometry": {
    "coordinates": [
     -122.33462,
     47.52305
    ],
    "type": "Point"
   },
   "properties": {
    "alerts": 2,
    "pm_peak_alerts": 0,
    "routes": [
     [
      "60",
      2
     ]
    ],
    "stop_id": "21141",
    "stop_name": "Olson-Myers Way Park And Ride"
   },
   "type": "Feature"
  },
  {
   "geometry": {
    "coordinates": [
     -122.36503,
     47.5176
    ],
    "type": "Point"
   },
   "properties": {
    "alerts": 2,
    "pm_peak_alerts": 1,
    "routes": [
     [
      "H Line",
      2
     ]
    ],
    "stop_id": "21250",
    "stop_name": "SW Roxbury St & 26th Ave SW"
   },
   "type": "Feature"
  },
  {
   "geometry": {
    "coordinates": [
     -122.36213,
     47.54571
    ],
    "type": "Point"
   },
   "properties": {
    "alerts": 2,
    "pm_peak_alerts": 0,
    "routes": [
     [
      "H Line",
      2
     ]
    ],
    "stop_id": "21500",
    "stop_name": "Delridge Way SW & SW Graham St"
   },
   "type": "Feature"
  },
  {
   "geometry": {
    "coordinates": [
     -122.36328,
     47.56701
    ],
    "type": "Point"
   },
   "properties": {
    "alerts": 2,
    "pm_peak_alerts": 1,
    "routes": [
     [
      "H Line",
      2
     ]
    ],
    "stop_id": "21620",
    "stop_name": "Delridge Way SW & SW Andover St"
   },
   "type": "Feature"
  },
  {
   "geometry": {
    "coordinates": [
     -122.32802,
     47.59242
    ],
    "type": "Point"
   },
   "properties": {
    "alerts": 2,
    "pm_peak_alerts": 2,
    "routes": [
     [
      "124",
      2
     ]
    ],
    "stop_id": "21833",
    "stop_name": "6th Ave S & S Royal Brougham Way"
   },
   "type": "Feature"
  },
  {
   "geometry": {
    "coordinates": [
     -122.3567,
     47.62373
    ],
    "type": "Point"
   },
   "properties": {
    "alerts": 2,
    "pm_peak_alerts": 0,
    "routes": [
     [
      "D Line",
      2
     ]
    ],
    "stop_id": "2200",
    "stop_name": "Queen Anne Ave N & W John St"
   },
   "type": "Feature"
  },
  {
   "geometry": {
    "coordinates": [
     -122.36346,
     47.55774
    ],
    "type": "Point"
   },
   "properties": {
    "alerts": 2,
    "pm_peak_alerts": 1,
    "routes": [
     [
      "H Line",
      2
     ]
    ],
    "stop_id": "22050",
    "stop_name": "Delridge Way SW & SW Hudson St"
   },
   "type": "Feature"
  },
  {
   "geometry": {
    "coordinates": [
     -122.32962,
     47.61849
    ],
    "type": "Point"
   },
   "properties": {
    "alerts": 2,
    "pm_peak_alerts": 1,
    "routes": [
     [
      "8",
      2
     ]
    ],
    "stop_id": "2264",
    "stop_name": "E Denny Way & Melrose Ave"
   },
   "type": "Feature"
  },
  {
   "geometry": {
    "coordinates": [
     -122.35609,
     47.62447
    ],
    "type": "Point"
   },
   "properties": {
    "alerts": 2,
    "pm_peak_alerts": 1,
    "routes": [
     [
      "D Line",
      2
     ]
    ],
    "stop_id": "2370",
    "stop_name": "Mercer St & Queen Anne Ave N"
   },
   "type": "Feature"
  },
  {
   "geometry": {
    "coordinates": [
     -122.30066,
     47.66635
    ],
    "type": "Point"
   },
   "properties": {
    "alerts": 2,
    "pm_peak_alerts": 0,
    "routes": [
     [
      "72",
      2
     ]
    ],
    "stop_id": "23920",
    "stop_name": "25th Ave NE & NE Blakeley St"
   },
   "type": "Feature"
  },
  {
   "geometry": {
    "coordinates": [
     -122.2979,
     47.66113
    ],
    "type": "Point"
   },
   "properties": {
    "alerts": 2,
    "pm_peak_alerts": 1,
    "routes": [
     [
      "67",
      2
     ]
    ],
    "stop_id": "25210",
    "stop_name": "Montlake Blvd NE & NE 45th St"
   },
   "type": "Feature"
  },
  {
   "geometry": {
    "coordinates": [
     -122.2997,
     47.66064
    ],
    "type": "Point"
   },
   "properties": {
    "alerts": 2,
    "pm_peak_alerts": 0,
    "routes": [
     [
      "75",
      2
     ]
    ],
    "stop_id": "25790",
    "stop_name": "Montlake Blvd NE & NE 45th St"
   },
   "type": "Feature"
  },
  {
   "geometry": {
    "coordinates": [
     -122.33844,
     47.62272
    ],
    "type": "Point"
   },
   "properties": {
    "alerts": 2,
    "pm_peak_alerts": 1,
    "routes": [
     [
      "40",
      2
     ]
    ],
    "stop_id": "26645",
    "stop_name": "Westlake & Thomas"
   },
   "type": "Feature"
  },
  {
   "geometry": {
    "coordinates": [
     -122.3392,
     47.62642
    ],
    "type": "Point"
   },
   "properties": {
    "alerts": 2,
    "pm_peak_alerts": 2,
    "routes": [
     [
      "40",
      2
     ]
    ],
    "stop_id": "26760",
    "stop_name": "Westlake Ave N & Highland Dr"
   },
   "type": "Feature"
  },
  {
   "geometry": {
    "coordinates": [
     -122.36186,
     47.65601
    ],
    "type": "Point"
   },
   "properties": {
    "alerts": 2,
    "pm_peak_alerts": 2,
    "routes": [
     [
      "40",
      2
     ]
    ],
    "stop_id": "28280",
    "stop_name": "Leary Way NW & 3rd Ave NW"
   },
   "type": "Feature"
  },
  {
   "geometry": {
    "coordinates": [
     -122.30212,
     47.62066
    ],
    "type": "Point"
   },
   "properties": {
    "alerts": 2,
    "pm_peak_alerts": 0,
    "routes": [
     [
      "43",
      1
     ],
     [
      "8",
      1
     ]
    ],
    "stop_id": "29276",
    "stop_name": "E John St & 22nd Ave E"
   },
   "type": "Feature"
  },
  {
   "geometry": {
    "coordinates": [
     -122.35126,
     47.66213
    ],
    "type": "Point"
   },
   "properties": {
    "alerts": 2,
    "pm_peak_alerts": 1,
    "routes": [
     [
      "44",
      2
     ]
    ],
    "stop_id": "29582",
    "stop_name": "N 46th St & Aurora Ave N"
   },
   "type": "Feature"
  },
  {
   "geometry": {
    "coordinates": [
     -122.29477,
     47.53808
    ],
    "type": "Point"
   },
   "properties": {
    "alerts": 2,
    "pm_peak_alerts": 1,
    "routes": [
     [
      "107",
      2
     ]
    ],
    "stop_id": "30330",
    "stop_name": "Beacon Ave S & S Myrtle St"
   },
   "type": "Feature"
  },
  {
   "geometry": {
    "coordinates": [
     -122.30039,
     47.54658
    ],
    "type": "Point"
   },
   "properties": {
    "alerts": 2,
    "pm_peak_alerts": 1,
    "routes": [
     [
      "36",
      2
     ]
    ],
    "stop_id": "30380",
    "stop_name": "Beacon Ave S & S Graham St"
   },
   "type": "Feature"
  },
  {
   "geometry": {
    "coordinates": [
     -122.3031,
     47.55549
    ],
    "type": "Point"
   },
   "properties": {
    "alerts": 2,
    "pm_peak_alerts": 0,
    "routes": [
     [
      "36",
      2
     ]
    ],
    "stop_id": "30440",
    "stop_name": "Beacon Ave S & S Dawson St"
   },
   "type": "Feature"
  },
  {
   "geometry": {
    "coordinates": [
     -122.30222,
     47.55159
    ],
    "type": "Point"
   },
   "properties": {
    "alerts": 2,
    "pm_peak_alerts": 1,
    "routes": [
     [
      "36",
      2
     ]
    ],
    "stop_id": "30890",
    "stop_name": "Beacon Ave S & S Orcas St"
   },
   "type": "Feature"
  },
  {
   "geometry": {
    "coordinates": [
     -122.38718,
     47.69039
    ],
    "type": "Point"
   },
   "properties": {
    "alerts": 2,
    "pm_peak_alerts": 2,
    "routes": [
     [
      "40",
      2
     ]
    ],
    "stop_id": "35570",
    "stop_name": "NW 85th St & 22nd Ave NW"
   },
   "type": "Feature"
  },
  {
   "geometry": {
    "coordinates": [
     -122.35923,
     47.69067
    ],
    "type": "Point"
   },
   "properties": {
    "alerts": 2,
    "pm_peak_alerts": 1,
    "routes": [
     [
      "61",
      2
     ]
    ],
    "stop_id": "35660",
    "stop_name": "NW 85th St & 3rd Ave NW"
   },
   "type": "Feature"
  },
  {
   "geometry": {
    "coordinates": [
     -122.31727,
     47.59185
    ],
    "type": "Point"
   },
   "properties": {
    "alerts": 2,
    "pm_peak_alerts": 0,
    "routes": [
     [
      "60",
      2
     ]
    ],
    "stop_id": "3570",
    "stop_name": "12th Ave S & S Judkins St"
   },
   "type": "Feature"
  },
  {
   "geometry": {
    "coordinates": [
     -122.30575,
     47.58831
    ],
    "type": "Point"
   },
   "properties": {
    "alerts": 2,
    "pm_peak_alerts": 1,
    "routes": [
     [
      "7",
      2
     ]
    ],
    "stop_id": "35922",
    "stop_name": "Judkins Park Station - Bay 2"
   },
   "type": "Feature"
  },
  {
   "geometry": {
    "coordinates": [
     -122.32116,
     47.67588
    ],
    "type": "Point"
   },
   "properties": {
    "alerts": 2,
    "pm_peak_alerts": 0,
    "routes": [
     [
      "62",
      2
     ]
    ],
    "stop_id": "36960",
    "stop_name": "NE 65th St & Oswego Pl NE"
   },
   "type": "Feature"
  },
  {
   "geometry": {
    "coordinates": [
     -122.37727,
     47.69186
    ],
    "type": "Point"
   },
   "properties": {
    "alerts": 2,
    "pm_peak_alerts": 1,
    "routes": [
     [
      "40",
      2
     ]
    ],
    "stop_id": "37081",
    "stop_name": "NW 85th St & 15th Ave NW"
   },
   "type": "Feature"
  },
  {
   "geometry": {
    "coordinates": [
     -122.31485,
     47.5893
    ],
    "type": "Point"
   },
   "properties": {
    "alerts": 2,
    "pm_peak_alerts": 1,
    "routes": [
     [
      "36",
      2
     ]
    ],
    "stop_id": "3760",
    "stop_name": "14th Ave S & S Massachusetts St"
   },
   "type": "Feature"
  },
  {
   "geometry": {
    "coordinates": [
     -122.2903,
     47.67579
    ],
    "type": "Point"
   },
   "properties": {
    "alerts": 2,
    "pm_peak_alerts": 0,
    "routes": [
     [
      "62",
      2
     ]
    ],
    "stop_id": "37940",
    "stop_name": "NE 65th St & 35th Ave NE"
   },
   "type": "Feature"
  },
  {
   "geometry": {
    "coordinates": [
     -122.31179,
     47.57885
    ],
    "type": "Point"
   },
   "properties": {
    "alerts": 2,
    "pm_peak_alerts": 1,
    "routes": [
     [
      "36",
      2
     ]
    ],
    "stop_id": "3830",
    "stop_name": "Beacon Ave S & S Hanford St"
   },
   "type": "Feature"
  },
  {
   "geometry": {
    "coordinates": [
     -122.3058,
     47.56405
    ],
    "type": "Point"
   },
   "properties": {
    "alerts": 2,
    "pm_peak_alerts": 1,
    "routes": [
     [
      "36",
      2
     ]
    ],
    "stop_id": "3881",
    "stop_name": "Beacon Ave S & Veterans Administration Hospital"
   },
   "type": "Feature"
  },
  {
   "geometry": {
    "coordinates": [
     -122.35869,
     47.63952
    ],
    "type": "Point"
   },
   "properties": {
    "alerts": 2,
    "pm_peak_alerts": 2,
    "routes": [
     [
      "4",
      2
     ]
    ],
    "stop_id": "3910",
    "stop_name": "W Mcgraw St & 2nd Ave W"
   },
   "type": "Feature"
  },
  {
   "geometry": {
    "coordinates": [
     -122.35387,
     47.51221
    ],
    "type": "Point"
   },
   "properties": {
    "alerts": 2,
    "pm_peak_alerts": 2,
    "routes": [
     [
      "H Line",
      2
     ]
    ],
    "stop_id": "39431",
    "stop_name": "15th Ave SW & SW Roxbury St - Bay 2"
   },
   "type": "Feature"
  },
  {
   "geometry": {
    "coordinates": [
     -122.35651,
     47.70453
    ],
    "type": "Point"
   },
   "properties": {
    "alerts": 2,
    "pm_peak_alerts": 0,
    "routes": [
     [
      "40",
      2
     ]
    ],
    "stop_id": "40060",
    "stop_name": "Holman Rd N & Greenwood Ave N"
   },
   "type": "Feature"
  },
  {
   "geometry": {
    "coordinates": [
     -122.35485,
     47.70488
    ],
    "type": "Point"
   },
   "properties": {
    "alerts": 2,
    "pm_peak_alerts": 1,
    "routes": [
     [
      "40",
      2
     ]
    ],
    "stop_id": "40065",
    "stop_name": "N 105th St & Fremont Ave N"
   },
   "type": "Feature"
  },
  {
   "geometry": {
    "coordinates": [
     -122.34676,
     47.62627
    ],
    "type": "Point"
   },
   "properties": {
    "alerts": 2,
    "pm_peak_alerts": 1,
    "routes": [
     [
      "4",
      2
     ]
    ],
    "stop_id": "4040",
    "stop_name": "5th Ave N & Valley St"
   },
   "type": "Feature"
  },
  {
   "geometry": {
    "coordinates": [
     -122.31347,
     47.55433
    ],
    "type": "Point"
   },
   "properties": {
    "alerts": 2,
    "pm_peak_alerts": 1,
    "routes": [
     [
      "60",
      2
     ]
    ],
    "stop_id": "42130",
    "stop_name": "15th Ave S & S Lucile St"
   },
   "type": "Feature"
  },
  {
   "geometry": {
    "coordinates": [
     -122.34759,
     47.6211
    ],
    "type": "Point"
   },
   "properties": {
    "alerts": 2,
    "pm_peak_alerts": 1,
    "routes": [
     [
      "4",
      2
     ]
    ],
    "stop_id": "4220",
    "stop_name": "5th Ave N & Broad St"
   },
   "type": "Feature"
  },
  {
   "geometry": {
    "coordinates": [
     -122.29571,
     47.3892
    ],
    "type": "Point"
   },
   "properties": {
    "alerts": 2,
    "pm_peak_alerts": 0,
    "routes": [
     [
      "A Line",
      2
     ]
    ],
    "stop_id": "42961",
    "stop_name": "Kent Des Moines Station - Bay 5"
   },
   "type": "Feature"
  },
  {
   "geometry": {
    "coordinates": [
     -122.21951,
     47.48418
    ],
    "type": "Point"
   },
   "properties": {
    "alerts": 2,
    "pm_peak_alerts": 1,
    "routes": [
     [
      "106",
      2
     ]
    ],
    "stop_id": "45350",
    "stop_name": "Renton Ave Ext & Hardie Ave NW"
   },
   "type": "Feature"
  },
  {
   "geometry": {
    "coordinates": [
     -122.3178,
     47.54542
    ],
    "type": "Point"
   },
   "properties": {
    "alerts": 2,
    "pm_peak_alerts": 1,
    "routes": [
     [
      "60",
      2
     ]
    ],
    "stop_id": "46022",
    "stop_name": "Ellis Ave S & S Warsaw St"
   },
   "type": "Feature"
  },
  {
   "geometry": {
    "coordinates": [
     -122.20904,
     47.48135
    ],
    "type": "Point"
   },
   "properties": {
    "alerts": 2,
    "pm_peak_alerts": 1,
    "routes": [
     [
      "F Line",
      2
     ]
    ],
    "stop_id": "46478",
    "stop_name": "Renton Transit Center - Bay 3"
   },
   "type": "Feature"
  },
  {
   "geometry": {
    "coordinates": [
     -122.33419,
     47.60581
    ],
    "type": "Point"
   },
   "properties": {
    "alerts": 2,
    "pm_peak_alerts": 1,
    "routes": [
     [
      "E Line",
      2
     ]
    ],
    "stop_id": "490",
    "stop_name": "3rd Ave & Cherry St"
   },
   "type": "Feature"
  },
  {
   "geometry": {
    "coordinates": [
     -122.29541,
     47.39107
    ],
    "type": "Point"
   },
   "properties": {
    "alerts": 2,
    "pm_peak_alerts": 0,
    "routes": [
     [
      "A Line",
      2
     ]
    ],
    "stop_id": "50479",
    "stop_name": "Kent Des Moines Station - Bay 6"
   },
   "type": "Feature"
  },
  {
   "geometry": {
    "coordinates": [
     -122.24943,
     47.38673
    ],
    "type": "Point"
   },
   "properties": {
    "alerts": 2,
    "pm_peak_alerts": 0,
    "routes": [
     [
      "150",
      2
     ]
    ],
    "stop_id": "50774",
    "stop_name": "64th Ave S & W James St"
   },
   "type": "Feature"
  },
  {
   "geometry": {
    "coordinates": [
     -122.33015,
     47.60043
    ],
    "type": "Point"
   },
   "properties": {
    "alerts": 2,
    "pm_peak_alerts": 2,
    "routes": [
     [
      "36",
      2
     ]
    ],
    "stop_id": "515",
    "stop_name": "3rd Ave S & S Main St"
   },
   "type": "Feature"
  },
  {
   "geometry": {
    "coordinates": [
     -122.34887,
     47.48455
    ],
    "type": "Point"
   },
   "properties": {
    "alerts": 2,
    "pm_peak_alerts": 1,
    "routes": [
     [
      "H Line",
      2
     ]
    ],
    "stop_id": "51520",
    "stop_name": "Ambaum Blvd SW & SW 128th St"
   },
   "type": "Feature"
  },
  {
   "geometry": {
    "coordinates": [
     -122.26192,
     47.46385
    ],
    "type": "Point"
   },
   "properties": {
    "alerts": 2,
    "pm_peak_alerts": 0,
    "routes": [
     [
      "F Line",
      2
     ]
    ],
    "stop_id": "54202",
    "stop_name": "Southcenter Blvd & 52nd Ave S"
   },
   "type": "Feature"
  },
  {
   "geometry": {
    "coordinates": [
     -122.27007,
     47.51023
    ],
    "type": "Point"
   },
   "properties": {
    "alerts": 2,
    "pm_peak_alerts": 2,
    "routes": [
     [
      "107",
      2
     ]
    ],
    "stop_id": "55240",
    "stop_name": "51st Ave S & S Gazelle St"
   },
   "type": "Feature"
  },
  {
   "geometry": {
    "coordinates": [
     -122.24901,
     47.49516
    ],
    "type": "Point"
   },
   "properties": {
    "alerts": 2,
    "pm_peak_alerts": 1,
    "routes": [
     [
      "107",
      2
     ]
    ],
    "stop_id": "55378",
    "stop_name": "68th Ave S & S 118th St"
   },
   "type": "Feature"
  },
  {
   "geometry": {
    "coordinates": [
     -122.28087,
     47.53626
    ],
    "type": "Point"
   },
   "properties": {
    "alerts": 2,
    "pm_peak_alerts": 2,
    "routes": [
     [
      "106",
      2
     ]
    ],
    "stop_id": "55651",
    "stop_name": "Martin L King Jr Way S & S Othello St"
   },
   "type": "Feature"
  },
  {
   "geometry": {
    "coordinates": [
     -122.28145,
     47.53707
    ],
    "type": "Point"
   },
   "properties": {
    "alerts": 2,
    "pm_peak_alerts": 0,
    "routes": [
     [
      "106",
      2
     ]
    ],
    "stop_id": "56161",
    "stop_name": "Martin L King Jr Way S & S Othello St"
   },
   "type": "Feature"
  },
  {
   "geometry": {
    "coordinates": [
     -122.23176,
     47.38421
    ],
    "type": "Point"
   },
   "properties": {
    "alerts": 2,
    "pm_peak_alerts": 2,
    "routes": [
     [
      "164",
      1
     ],
     [
      "566",
      1
     ]
    ],
    "stop_id": "57459",
    "stop_name": "Kent Sounder Station - Bay 9"
   },
   "type": "Feature"
  },
  {
   "geometry": {
    "coordinates": [
     -122.23241,
     47.38413
    ],
    "type": "Point"
   },
   "properties": {
    "alerts": 2,
    "pm_peak_alerts": 0,
    "routes": [
     [
      "160",
      2
     ]
    ],
    "stop_id": "58148",
    "stop_name": "Central Ave S & E Meeker St"
   },
   "type": "Feature"
  },
  {
   "geometry": {
    "coordinates": [
     -122.33749,
     47.60942
    ],
    "type": "Point"
   },
   "properties": {
    "alerts": 2,
    "pm_peak_alerts": 1,
    "routes": [
     [
      "40",
      1
     ],
     [
      "62",
      1
     ]
    ],
    "stop_id": "590",
    "stop_name": "3rd Ave & Pine St"
   },
   "type": "Feature"
  },
  {
   "geometry": {
    "coordinates": [
     -122.25753,
     47.46203
    ],
    "type": "Point"
   },
   "properties": {
    "alerts": 2,
    "pm_peak_alerts": 2,
    "routes": [
     [
      "150",
      2
     ]
    ],
    "stop_id": "59312",
    "stop_name": "Andover Park W & Baker Blvd - Bay 1"
   },
   "type": "Feature"
  },
  {
   "geometry": {
    "coordinates": [
     -122.25945,
     47.46345
    ],
    "type": "Point"
   },
   "properties": {
    "alerts": 2,
    "pm_peak_alerts": 0,
    "routes": [
     [
      "F Line",
      2
     ]
    ],
    "stop_id": "59873",
    "stop_name": "Oakesdale Ave SW & Seattle Sounders Fc Acs"
   },
   "type": "Feature"
  },
  {
   "geometry": {
    "coordinates": [
     -122.15151,
     47.44395
    ],
    "type": "Point"
   },
   "properties": {
    "alerts": 2,
    "pm_peak_alerts": 1,
    "routes": [
     [
      "906",
      2
     ]
    ],
    "stop_id": "60161",
    "stop_name": "SE 177th St & 140th Ave SE"
   },
   "type": "Feature"
  },
  {
   "geometry": {
    "coordinates": [
     -122.29647,
     47.42095
    ],
    "type": "Point"
   },
   "properties": {
    "alerts": 2,
    "pm_peak_alerts": 0,
    "routes": [
     [
      "A Line",
      2
     ]
    ],
    "stop_id": "60850",
    "stop_name": "International Blvd & S 200th St"
   },
   "type": "Feature"
  },
  {
   "geometry": {
    "coordinates": [
     -122.29533,
     47.43018
    ],
    "type": "Point"
   },
   "properties": {
    "alerts": 2,
    "pm_peak_alerts": 0,
    "routes": [
     [
      "A Line",
      2
     ]
    ],
    "stop_id": "60880",
    "stop_name": "International Blvd & S 188th St"
   },
   "type": "Feature"
  },
  {
   "geometry": {
    "coordinates": [
     -122.31228,
     47.33926
    ],
    "type": "Point"
   },
   "properties": {
    "alerts": 2,
    "pm_peak_alerts": 0,
    "routes": [
     [
      "A Line",
      2
     ]
    ],
    "stop_id": "61280",
    "stop_name": "Pacific Hwy S & S Dash Point Rd"
   },
   "type": "Feature"
  },
  {
   "geometry": {
    "coordinates": [
     -122.31345,
     47.31974
    ],
    "type": "Point"
   },
   "properties": {
    "alerts": 2,
    "pm_peak_alerts": 1,
    "routes": [
     [
      "A Line",
      2
     ]
    ],
    "stop_id": "61313",
    "stop_name": "S 316th St & Pacific Hwy S"
   },
   "type": "Feature"
  },
  {
   "geometry": {
    "coordinates": [
     -122.33113,
     47.60237
    ],
    "type": "Point"
   },
   "properties": {
    "alerts": 2,
    "pm_peak_alerts": 0,
    "routes": [
     [
      "E Line",
      2
     ]
    ],
    "stop_id": "625",
    "stop_name": "S Washington St & 4th Ave S"
   },
   "type": "Feature"
  },
  {
   "geometry": {
    "coordinates": [
     -122.33199,
     47.6051
    ],
    "type": "Point"
   },
   "properties": {
    "alerts": 2,
    "pm_peak_alerts": 0,
    "routes": [
     [
      "150",
      2
     ]
    ],
    "stop_id": "660",
    "stop_name": "4th Ave & Madison St"
   },
   "type": "Feature"
  },
  {
   "geometry": {
    "coordinates": [
     -122.3553,
     47.6909
    ],
    "type": "Point"
   },
   "properties": {
    "alerts": 2,
    "pm_peak_alerts": 2,
    "routes": [
     [
      "5",
      2
     ]
    ],
    "stop_id": "6640",
    "stop_name": "Greenwood Ave N & N 85th St"
   },
   "type": "Feature"
  },
  {
   "geometry": {
    "coordinates": [
     -122.1324,
     47.61992
    ],
    "type": "Point"
   },
   "properties": {
    "alerts": 2,
    "pm_peak_alerts": 1,
    "routes": [
     [
      "B Line",
      2
     ]
    ],
    "stop_id": "68780",
    "stop_name": "156th Ave NE & NE 15th St"
   },
   "type": "Feature"
  },
  {
   "geometry": {
    "coordinates": [
     -122.34495,
     47.72179
    ],
    "type": "Point"
   },
   "properties": {
    "alerts": 2,
    "pm_peak_alerts": 0,
    "routes": [
     [
      "E Line",
      2
     ]
    ],
    "stop_id": "7010",
    "stop_name": "Aurora Ave N & N 125th St"
   },
   "type": "Feature"
  },
  {
   "geometry": {
    "coordinates": [
     -122.21043,
     47.70513
    ],
    "type": "Point"
   },
   "properties": {
    "alerts": 2,
    "pm_peak_alerts": 0,
    "routes": [
     [
      "255",
      2
     ]
    ],
    "stop_id": "70170",
    "stop_name": "98th Ave NE & NE Juanita Dr"
   },
   "type": "Feature"
  },
  {
   "geometry": {
    "coordinates": [
     -122.16616,
     47.63951
    ],
    "type": "Point"
   },
   "properties": {
    "alerts": 2,
    "pm_peak_alerts": 0,
    "routes": [
     [
      "545",
      2
     ]
    ],
    "stop_id": "71336",
    "stop_name": "State Route 520 & NE 40th St"
   },
   "type": "Feature"
  },
  {
   "geometry": {
    "coordinates": [
     -122.13535,
     47.64793
    ],
    "type": "Point"
   },
   "properties": {
    "alerts": 2,
    "pm_peak_alerts": 1,
    "routes": [
     [
      "545",
      2
     ]
    ],
    "stop_id": "71353",
    "stop_name": "Sr 520 & NE 51st St"
   },
   "type": "Feature"
  },
  {
   "geometry": {
    "coordinates": [
     -122.19625,
     47.66736
    ],
    "type": "Point"
   },
   "properties": {
    "alerts": 2,
    "pm_peak_alerts": 2,
    "routes": [
     [
      "255",
      2
     ]
    ],
    "stop_id": "72161",
    "stop_name": "6th St S & 9th Ave S"
   },
   "type": "Feature"
  },
  {
   "geometry": {
    "coordinates": [
     -122.12786,
     47.66704
    ],
    "type": "Point"
   },
   "properties": {
    "alerts": 2,
    "pm_peak_alerts": 1,
    "routes": [
     [
      "545",
      2
     ]
    ],
    "stop_id": "72458",
    "stop_name": "West Lake Sammamish Pkwy NE & Leary Way"
   },
   "type": "Feature"
  },
  {
   "geometry": {
    "coordinates": [
     -122.34244,
     47.65541
    ],
    "type": "Point"
   },
   "properties": {
    "alerts": 2,
    "pm_peak_alerts": 1,
    "routes": [
     [
      "62",
      2
     ]
    ],
    "stop_id": "7380",
    "stop_name": "Stone Way N & N 40th St"
   },
   "type": "Feature"
  },
  {
   "geometry": {
    "coordinates": [
     -122.20278,
     47.67594
    ],
    "type": "Point"
   },
   "properties": {
    "alerts": 2,
    "pm_peak_alerts": 0,
    "routes": [
     [
      "255",
      2
     ]
    ],
    "stop_id": "73816",
    "stop_name": "Kirkland Transit Center - Bay 3"
   },
   "type": "Feature"
  },
  {
   "geometry": {
    "coordinates": [
     -122.19652,
     47.6425
    ],
    "type": "Point"
   },
   "properties": {
    "alerts": 2,
    "pm_peak_alerts": 1,
    "routes": [
     [
      "255",
      2
     ]
    ],
    "stop_id": "74450",
    "stop_name": "South Kirkland Park & Ride"
   },
   "type": "Feature"
  },
  {
   "geometry": {
    "coordinates": [
     -122.19722,
     47.64372
    ],
    "type": "Point"
   },
   "properties": {
    "alerts": 2,
    "pm_peak_alerts": 0,
    "routes": [
     [
      "255",
      2
     ]
    ],
    "stop_id": "74460",
    "stop_name": "108th Ave NE & Northup Way"
   },
   "type": "Feature"
  },
  {
   "geometry": {
    "coordinates": [
     -122.34302,
     47.65134
    ],
    "type": "Point"
   },
   "properties": {
    "alerts": 2,
    "pm_peak_alerts": 1,
    "routes": [
     [
      "62",
      2
     ]
    ],
    "stop_id": "7498",
    "stop_name": "Stone Way N & N 38th St"
   },
   "type": "Feature"
  },
  {
   "geometry": {
    "coordinates": [
     -122.36118,
     47.76997
    ],
    "type": "Point"
   },
   "properties": {
    "alerts": 2,
    "pm_peak_alerts": 0,
    "routes": [
     [
      "348",
      2
     ]
    ],
    "stop_id": "74990",
    "stop_name": "3rd Ave NW & NW 191st St"
   },
   "type": "Feature"
  },
  {
   "geometry": {
    "coordinates": [
     -122.34236,
     47.65682
    ],
    "type": "Point"
   },
   "properties": {
    "alerts": 2,
    "pm_peak_alerts": 2,
    "routes": [
     [
      "62",
      2
     ]
    ],
    "stop_id": "7520",
    "stop_name": "Stone Way N & N 42nd St"
   },
   "type": "Feature"
  },
  {
   "geometry": {
    "coordinates": [
     -122.34611,
     47.76084
    ],
    "type": "Point"
   },
   "properties": {
    "alerts": 2,
    "pm_peak_alerts": 1,
    "routes": [
     [
      "E Line",
      2
     ]
    ],
    "stop_id": "75750",
    "stop_name": "Aurora Ave N & N 180th St"
   },
   "type": "Feature"
  },
  {
   "geometry": {
    "coordinates": [
     -122.34565,
     47.75252
    ],
    "type": "Point"
   },
   "properties": {
    "alerts": 2,
    "pm_peak_alerts": 1,
    "routes": [
     [
      "E Line",
      2
     ]
    ],
    "stop_id": "75770",
    "stop_name": "Aurora Ave N & N 170th St"
   },
   "type": "Feature"
  },
  {
   "geometry": {
    "coordinates": [
     -122.34541,
     47.74156
    ],
    "type": "Point"
   },
   "properties": {
    "alerts": 2,
    "pm_peak_alerts": 1,
    "routes": [
     [
      "E Line",
      2
     ]
    ],
    "stop_id": "75800",
    "stop_name": "Aurora Ave N & N 155th St"
   },
   "type": "Feature"
  },
  {
   "geometry": {
    "coordinates": [
     -122.34533,
     47.74449
    ],
    "type": "Point"
   },
   "properties": {
    "alerts": 2,
    "pm_peak_alerts": 1,
    "routes": [
     [
      "E Line",
      2
     ]
    ],
    "stop_id": "75850",
    "stop_name": "Aurora Ave N & N 160th St"
   },
   "type": "Feature"
  },
  {
   "geometry": {
    "coordinates": [
     -122.34538,
     47.74747
    ],
    "type": "Point"
   },
   "properties": {
    "alerts": 2,
    "pm_peak_alerts": 0,
    "routes": [
     [
      "E Line",
      2
     ]
    ],
    "stop_id": "75860",
    "stop_name": "Aurora Ave N & N 165th St"
   },
   "type": "Feature"
  },
  {
   "geometry": {
    "coordinates": [
     -122.34746,
     47.67567
    ],
    "type": "Point"
   },
   "properties": {
    "alerts": 2,
    "pm_peak_alerts": 1,
    "routes": [
     [
      "E Line",
      2
     ]
    ],
    "stop_id": "7630",
    "stop_name": "Woodland Pl N & N 65th St"
   },
   "type": "Feature"
  },
  {
   "geometry": {
    "coordinates": [
     -122.34725,
     47.67746
    ],
    "type": "Point"
   },
   "properties": {
    "alerts": 2,
    "pm_peak_alerts": 1,
    "routes": [
     [
      "E Line",
      2
     ]
    ],
    "stop_id": "7670",
    "stop_name": "Linden Ave N & N 72nd St"
   },
   "type": "Feature"
  },
  {
   "geometry": {
    "coordinates": [
     -122.26991,
     47.52106
    ],
    "type": "Point"
   },
   "properties": {
    "alerts": 2,
    "pm_peak_alerts": 0,
    "routes": [
     [
      "106",
      1
     ],
     [
      "107",
      1
     ]
    ],
    "stop_id": "8080",
    "stop_name": "Rainier Ave S & S Fisher Pl"
   },
   "type": "Feature"
  },
  {
   "geometry": {
    "coordinates": [
     -122.26998,
     47.52279
    ],
    "type": "Point"
   },
   "properties": {
    "alerts": 2,
    "pm_peak_alerts": 0,
    "routes": [
     [
      "7",
      2
     ]
    ],
    "stop_id": "8090",
    "stop_name": "Rainier Ave S & S Henderson St"
   },
   "type": "Feature"
  },
  {
   "geometry": {
    "coordinates": [
     -122.32263,
     47.70853
    ],
    "type": "Point"
   },
   "properties": {
    "alerts": 2,
    "pm_peak_alerts": 2,
    "routes": [
     [
      "322",
      1
     ],
     [
      "67",
      1
     ]
    ],
    "stop_id": "81364",
    "stop_name": "NE Northgate Way & 5th Ave NE"
   },
   "type": "Feature"
  },
  {
   "geometry": {
    "coordinates": [
     -122.27086,
     47.5392
    ],
    "type": "Point"
   },
   "properties": {
    "alerts": 2,
    "pm_peak_alerts": 0,
    "routes": [
     [
      "7",
      2
     ]
    ],
    "stop_id": "8175",
    "stop_name": "Rainier Ave S & S Frontenac St"
   },
   "type": "Feature"
  },
  {
   "geometry": {
    "coordinates": [
     -122.19081,
     47.60713
    ],
    "type": "Point"
   },
   "properties": {
    "alerts": 2,
    "pm_peak_alerts": 0,
    "routes": [
     [
      "240",
      2
     ]
    ],
    "stop_id": "82749",
    "stop_name": "112th Ave SE & SE 4th St - Bay 1"
   },
   "type": "Feature"
  },
  {
   "geometry": {
    "coordinates": [
     -122.28726,
     47.56142
    ],
    "type": "Point"
   },
   "properties": {
    "alerts": 2,
    "pm_peak_alerts": 0,
    "routes": [
     [
      "7",
      2
     ]
    ],
    "stop_id": "8310",
    "stop_name": "Rainier Ave S & S Alaska St"
   },
   "type": "Feature"
  },
  {
   "geometry": {
    "coordinates": [
     -122.28911,
     47.56726
    ],
    "type": "Point"
   },
   "properties": {
    "alerts": 2,
    "pm_peak_alerts": 0,
    "routes": [
     [
      "7",
      2
     ]
    ],
    "stop_id": "8350",
    "stop_name": "Rainier Ave S & S Andover St"
   },
   "type": "Feature"
  },
  {
   "geometry": {
    "coordinates": [
     -122.3005,
     47.58152
    ],
    "type": "Point"
   },
   "properties": {
    "alerts": 2,
    "pm_peak_alerts": 1,
    "routes": [
     [
      "7",
      2
     ]
    ],
    "stop_id": "8440",
    "stop_name": "Rainier Ave S & S Walker St"
   },
   "type": "Feature"
  },
  {
   "geometry": {
    "coordinates": [
     -122.30493,
     47.58723
    ],
    "type": "Point"
   },
   "properties": {
    "alerts": 2,
    "pm_peak_alerts": 1,
    "routes": [
     [
      "106",
      1
     ],
     [
      "7",
      1
     ]
    ],
    "stop_id": "8460",
    "stop_name": "Rainier Ave S & S Grand St"
   },
   "type": "Feature"
  },
  {
   "geometry": {
    "coordinates": [
     -122.27002,
     47.52181
    ],
    "type": "Point"
   },
   "properties": {
    "alerts": 2,
    "pm_peak_alerts": 1,
    "routes": [
     [
      "106",
      1
     ],
     [
      "107",
      1
     ]
    ],
    "stop_id": "9010",
    "stop_name": "Rainier Ave S & 51st Ave S"
   },
   "type": "Feature"
  },
  {
   "geometry": {
    "coordinates": [
     -122.31432,
     47.65623
    ],
    "type": "Point"
   },
   "properties": {
    "alerts": 2,
    "pm_peak_alerts": 1,
    "routes": [
     [
      "70",
      2
     ]
    ],
    "stop_id": "9138",
    "stop_name": "NE Campus Pkwy & 12th Ave NE - Bay 4"
   },
   "type": "Feature"
  },
  {
   "geometry": {
    "coordinates": [
     -122.32393,
     47.64765
    ],
    "type": "Point"
   },
   "properties": {
    "alerts": 2,
    "pm_peak_alerts": 0,
    "routes": [
     [
      "70",
      2
     ]
    ],
    "stop_id": "9550",
    "stop_name": "Eastlake Ave E & E Allison St"
   },
   "type": "Feature"
  },
  {
   "geometry": {
    "coordinates": [
     -122.32788,
     47.59184
    ],
    "type": "Point"
   },
   "properties": {
    "alerts": 2,
    "pm_peak_alerts": 1,
    "routes": [
     [
      "102",
      1
     ],
     [
      "150",
      1
     ]
    ],
    "stop_id": "99271",
    "stop_name": "SODO Busway & S Royal Brougham Way"
   },
   "type": "Feature"
  },
  {
   "geometry": {
    "coordinates": [
     -122.2848,
     47.66669
    ],
    "type": "Point"
   },
   "properties": {
    "alerts": 1,
    "pm_peak_alerts": 0,
    "routes": [
     [
      "65",
      1
     ]
    ],
    "stop_id": "10010",
    "stop_name": "NE 55th St & 39th Ave NE"
   },
   "type": "Feature"
  },
  {
   "geometry": {
    "coordinates": [
     -122.33437,
     47.62202
    ],
    "type": "Point"
   },
   "properties": {
    "alerts": 1,
    "pm_peak_alerts": 1,
    "routes": [
     [
      "70",
      1
     ]
    ],
    "stop_id": "10225",
    "stop_name": "Fairview Ave N & Thomas St"
   },
   "type": "Feature"
  },
  {
   "geometry": {
    "coordinates": [
     -122.33431,
     47.61943
    ],
    "type": "Point"
   },
   "properties": {
    "alerts": 1,
    "pm_peak_alerts": 1,
    "routes": [
     [
      "70",
      1
     ]
    ],
    "stop_id": "10280",
    "stop_name": "Fairview Ave & Denny Way"
   },
   "type": "Feature"
  },
  {
   "geometry": {
    "coordinates": [
     -122.33433,
     47.6225
    ],
    "type": "Point"
   },
   "properties": {
    "alerts": 1,
    "pm_peak_alerts": 1,
    "routes": [
     [
      "322",
      1
     ]
    ],
    "stop_id": "10305",
    "stop_name": "Fairview Ave N & Harrison St"
   },
   "type": "Feature"
  },
  {
   "geometry": {
    "coordinates": [
     -122.32649,
     47.60895
    ],
    "type": "Point"
   },
   "properties": {
    "alerts": 1,
    "pm_peak_alerts": 0,
    "routes": [
     [
      "G Line",
      1
     ]
    ],
    "stop_id": "104",
    "stop_name": "Madison St & Terry Ave"
   },
   "type": "Feature"
  },
  {
   "geometry": {
    "coordinates": [
     -122.28351,
     47.66415
    ],
    "type": "Point"
   },
   "properties": {
    "alerts": 1,
    "pm_peak_alerts": 0,
    "routes": [
     [
      "75",
      1
     ]
    ],
    "stop_id": "10562",
    "stop_name": "Sand Point Way NE & 40th Ave NE"
   },
   "type": "Feature"
  },
  {
   "geometry": {
    "coordinates": [
     -122.26366,
     47.68244
    ],
    "type": "Point"
   },
   "properties": {
    "alerts": 1,
    "pm_peak_alerts": 0,
    "routes": [
     [
      "75",
      1
     ]
    ],
    "stop_id": "10650",
    "stop_name": "Sand Point Way NE & NE 77th St"
   },
   "type": "Feature"
  },
  {
   "geometry": {
    "coordinates": [
     -122.2777,
     47.70012
    ],
    "type": "Point"
   },
   "properties": {
    "alerts": 1,
    "pm_peak_alerts": 0,
    "routes": [
     [
      "75",
      1
     ]
    ],
    "stop_id": "10750",
    "stop_name": "Sand Point Way NE & NE 103rd St"
   },
   "type": "Feature"
  },
  {
   "geometry": {
    "coordinates": [
     -122.30928,
     47.61595
    ],
    "type": "Point"
   },
   "properties": {
    "alerts": 1,
    "pm_peak_alerts": 0,
    "routes": [
     [
      "G Line",
      1
     ]
    ],
    "stop_id": "108",
    "stop_name": "E Madison St & 22nd Ave E"
   },
   "type": "Feature"
  },
  {
   "geometry": {
    "coordinates": [
     -122.29419,
     47.7193
    ],
    "type": "Point"
   },
   "properties": {
    "alerts": 1,
    "pm_peak_alerts": 0,
    "routes": [
     [
      "75",
      1
     ]
    ],
    "stop_id": "10870",
    "stop_name": "NE 125th St & 33rd Ave NE"
   },
   "type": "Feature"
  },
  {
   "geometry": {
    "coordinates": [
     -122.31282,
     47.66127
    ],
    "type": "Point"
   },
   "properties": {
    "alerts": 1,
    "pm_peak_alerts": 1,
    "routes": [
     [
      "44",
      1
     ]
    ],
    "stop_id": "10912",
    "stop_name": "15th Ave NE & NE 43rd St"
   },
   "type": "Feature"
  },
  {
   "geometry": {
    "coordinates": [
     -122.32085,
     47.61889
    ],
    "type": "Point"
   },
   "properties": {
    "alerts": 1,
    "pm_peak_alerts": 1,
    "routes": [
     [
      "60",
      1
     ]
    ],
    "stop_id": "11060",
    "stop_name": "Broadway & E Denny Way - Bay 4"
   },
   "type": "Feature"
  },
  {
   "geometry": {
    "coordinates": [
     -122.32544,
     47.60967
    ],
    "type": "Point"
   },
   "properties": {
    "alerts": 1,
    "pm_peak_alerts": 1,
    "routes": [
     [
      "193",
      1
     ]
    ],
    "stop_id": "11087",
    "stop_name": "Boren Ave & Columbia St"
   },
   "type": "Feature"
  },
  {
   "geometry": {
    "coordinates": [
     -122.32704,
     47.61463
    ],
    "type": "Point"
   },
   "properties": {
    "alerts": 1,
    "pm_peak_alerts": 0,
    "routes": [
     [
      "49",
      1
     ]
    ],
    "stop_id": "11140",
    "stop_name": "E Pine St & Summit Ave"
   },
   "type": "Feature"
  },
  {
   "geometry": {
    "coordinates": [
     -122.32082,
     47.61696
    ],
    "type": "Point"
   },
   "properties": {
    "alerts": 1,
    "pm_peak_alerts": 0,
    "routes": [
     [
      "60",
      1
     ]
    ],
    "stop_id": "11180",
    "stop_name": "Broadway  E & E John St - Bay 3"
   },
   "type": "Feature"
  },
  {
   "geometry": {
    "coordinates": [
     -122.32005,
     47.64102
    ],
    "type": "Point"
   },
   "properties": {
    "alerts": 1,
    "pm_peak_alerts": 0,
    "routes": [
     [
      "49",
      1
     ]
    ],
    "stop_id": "11290",
    "stop_name": "10th Ave E & E Miller St"
   },
   "type": "Feature"
  },
  {
   "geometry": {
    "coordinates": [
     -122.30234,
     47.60175
    ],
    "type": "Point"
   },
   "properties": {
    "alerts": 1,
    "pm_peak_alerts": 0,
    "routes": [
     [
      "48",
      1
     ]
    ],
    "stop_id": "12560",
    "stop_name": "23rd Ave & E Yesler Way"
   },
   "type": "Feature"
  },
  {
   "geometry": {
    "coordinates": [
     -122.37647,
     47.69332
    ],
    "type": "Point"
   },
   "properties": {
    "alerts": 1,
    "pm_peak_alerts": 1,
    "routes": [
     [
      "40",
      1
     ]
    ],
    "stop_id": "13585",
    "stop_name": "15th Ave NW & NW 87th St"
   },
   "type": "Feature"
  },
  {
   "geometry": {
    "coordinates": [
     -122.37678,
     47.68443
    ],
    "type": "Point"
   },
   "properties": {
    "alerts": 1,
    "pm_peak_alerts": 1,
    "routes": [
     [
      "D Line",
      1
     ]
    ],
    "stop_id": "13640",
    "stop_name": "15th Ave NW & NW 75th St"
   },
   "type": "Feature"
  },
  {
   "geometry": {
    "coordinates": [
     -122.37669,
     47.64774
    ],
    "type": "Point"
   },
   "properties": {
    "alerts": 1,
    "pm_peak_alerts": 0,
    "routes": [
     [
      "D Line",
      1
     ]
    ],
    "stop_id": "13810",
    "stop_name": "15th Ave W & W Armour St"
   },
   "type": "Feature"
  },
  {
   "geometry": {
    "coordinates": [
     -122.37619,
     47.63887
    ],
    "type": "Point"
   },
   "properties": {
    "alerts": 1,
    "pm_peak_alerts": 0,
    "routes": [
     [
      "D Line",
      1
     ]
    ],
    "stop_id": "13840",
    "stop_name": "15th Ave W & W Armory Way"
   },
   "type": "Feature"
  },
  {
   "geometry": {
    "coordinates": [
     -122.37616,
     47.64052
    ],
    "type": "Point"
   },
   "properties": {
    "alerts": 1,
    "pm_peak_alerts": 0,
    "routes": [
     [
      "D Line",
      1
     ]
    ],
    "stop_id": "14130",
    "stop_name": "15th Ave W & W Wheeler St"
   },
   "type": "Feature"
  },
  {
   "geometry": {
    "coordinates": [
     -122.37614,
     47.64385
    ],
    "type": "Point"
   },
   "properties": {
    "alerts": 1,
    "pm_peak_alerts": 0,
    "routes": [
     [
      "D Line",
      1
     ]
    ],
    "stop_id": "14150",
    "stop_name": "15th Ave W & W Armour St"
   },
   "type": "Feature"
  },
  {
   "geometry": {
    "coordinates": [
     -122.37601,
     47.65227
    ],
    "type": "Point"
   },
   "properties": {
    "alerts": 1,
    "pm_peak_alerts": 1,
    "routes": [
     [
      "D Line",
      1
     ]
    ],
    "stop_id": "14190",
    "stop_name": "15th Ave W & W Emerson St"
   },
   "type": "Feature"
  },
  {
   "geometry": {
    "coordinates": [
     -122.37675,
     47.67762
    ],
    "type": "Point"
   },
   "properties": {
    "alerts": 1,
    "pm_peak_alerts": 0,
    "routes": [
     [
      "D Line",
      1
     ]
    ],
    "stop_id": "14300",
    "stop_name": "15th Ave NW & NW 70th St"
   },
   "type": "Feature"
  },
  {
   "geometry": {
    "coordinates": [
     -122.37677,
     47.68259
    ],
    "type": "Point"
   },
   "properties": {
    "alerts": 1,
    "pm_peak_alerts": 1,
    "routes": [
     [
      "D Line",
      1
     ]
    ],
    "stop_id": "14320",
    "stop_name": "15th Ave NW & NW 75th St"
   },
   "type": "Feature"
  },
  {
   "geometry": {
    "coordinates": [
     -122.32677,
     47.59919
    ],
    "type": "Point"
   },
   "properties": {
    "alerts": 1,
    "pm_peak_alerts": 1,
    "routes": [
     [
      "36",
      1
     ]
    ],
    "stop_id": "1480",
    "stop_name": "S Jackson St & Maynard Ave S"
   },
   "type": "Feature"
  },
  {
   "geometry": {
    "coordinates": [
     -122.32113,
     47.59918
    ],
    "type": "Point"
   },
   "properties": {
    "alerts": 1,
    "pm_peak_alerts": 0,
    "routes": [
     [
      "7",
      1
     ]
    ],
    "stop_id": "1500",
    "stop_name": "S Jackson St & 8th Ave S"
   },
   "type": "Feature"
  },
  {
   "geometry": {
    "coordinates": [
     -122.33081,
     47.60309
    ],
    "type": "Point"
   },
   "properties": {
    "alerts": 1,
    "pm_peak_alerts": 1,
    "routes": [
     [
      "4",
      1
     ]
    ],
    "stop_id": "1550",
    "stop_name": "James St & 4th Ave"
   },
   "type": "Feature"
  },
  {
   "geometry": {
    "coordinates": [
     -122.34181,
     47.77447
    ],
    "type": "Point"
   },
   "properties": {
    "alerts": 1,
    "pm_peak_alerts": 0,
    "routes": [
     [
      "E Line",
      1
     ]
    ],
    "stop_id": "16103",
    "stop_name": "Aurora Village Transit Center - Bay 3"
   },
   "type": "Feature"
  },
  {
   "geometry": {
    "coordinates": [
     -122.32377,
     47.67742
    ],
    "type": "Point"
   },
   "properties": {
    "alerts": 1,
    "pm_peak_alerts": 1,
    "routes": [
     [
      "62",
      1
     ]
    ],
    "stop_id": "16400",
    "stop_name": "NE Ravenna Blvd & NE 68th St"
   },
   "type": "Feature"
  },
  {
   "geometry": {
    "coordinates": [
     -122.3222,
     47.67607
    ],
    "type": "Point"
   },
   "properties": {
    "alerts": 1,
    "pm_peak_alerts": 1,
    "routes": [
     [
      "62",
      1
     ]
    ],
    "stop_id": "16416",
    "stop_name": "NE 65th St & 8th Ave NE"
   },
   "type": "Feature"
  },
  {
   "geometry": {
    "coordinates": [
     -122.3474,
     47.61624
    ],
    "type": "Point"
   },
   "properties": {
    "alerts": 1,
    "pm_peak_alerts": 0,
    "routes": [
     [
      "D Line",
      1
     ]
    ],
    "stop_id": "1690",
    "stop_name": "3rd Ave & Vine St"
   },
   "type": "Feature"
  },
  {
   "geometry": {
    "coordinates": [
     -122.33496,
     47.70811
    ],
    "type": "Point"
   },
   "properties": {
    "alerts": 1,
    "pm_peak_alerts": 1,
    "routes": [
     [
      "40",
      1
     ]
    ],
    "stop_id": "16960",
    "stop_name": "Meridian Ave N & N Northgate Way"
   },
   "type": "Feature"
  },
  {
   "geometry": {
    "coordinates": [
     -122.3254,
     47.6784
    ],
    "type": "Point"
   },
   "properties": {
    "alerts": 1,
    "pm_peak_alerts": 0,
    "routes": [
     [
      "62",
      1
     ]
    ],
    "stop_id": "17170",
    "stop_name": "Woodlawn Ave NE & 5th Ave NE"
   },
   "type": "Feature"
  },
  {
   "geometry": {
    "coordinates": [
     -122.33364,
     47.66813
    ],
    "type": "Point"
   },
   "properties": {
    "alerts": 1,
    "pm_peak_alerts": 1,
    "routes": [
     [
      "62",
      1
     ]
    ],
    "stop_id": "17260",
    "stop_name": "Meridian Ave N & N 54th St"
   },
   "type": "Feature"
  },
  {
   "geometry": {
    "coordinates": [
     -122.33372,
     47.66467
    ],
    "type": "Point"
   },
   "properties": {
    "alerts": 1,
    "pm_peak_alerts": 0,
    "routes": [
     [
      "62",
      1
     ]
    ],
    "stop_id": "17300",
    "stop_name": "Meridian Ave N & N 46th St"
   },
   "type": "Feature"
  },
  {
   "geometry": {
    "coordinates": [
     -122.33611,
     47.66138
    ],
    "type": "Point"
   },
   "properties": {
    "alerts": 1,
    "pm_peak_alerts": 0,
    "routes": [
     [
      "62",
      1
     ]
    ],
    "stop_id": "17410",
    "stop_name": "N 45th St & Wallingford Ave N"
   },
   "type": "Feature"
  },
  {
   "geometry": {
    "coordinates": [
     -122.33421,
     47.66138
    ],
    "type": "Point"
   },
   "properties": {
    "alerts": 1,
    "pm_peak_alerts": 1,
    "routes": [
     [
      "62",
      1
     ]
    ],
    "stop_id": "17420",
    "stop_name": "Meridian Ave N & N 45th St"
   },
   "type": "Feature"
  },
  {
   "geometry": {
    "coordinates": [
     -122.33372,
     47.66274
    ],
    "type": "Point"
   },
   "properties": {
    "alerts": 1,
    "pm_peak_alerts": 1,
    "routes": [
     [
      "62",
      1
     ]
    ],
    "stop_id": "17440",
    "stop_name": "Meridian Ave N & N 49th St"
   },
   "type": "Feature"
  },
  {
   "geometry": {
    "coordinates": [
     -122.33266,
     47.67044
    ],
    "type": "Point"
   },
   "properties": {
    "alerts": 1,
    "pm_peak_alerts": 0,
    "routes": [
     [
      "62",
      1
     ]
    ],
    "stop_id": "17490",
    "stop_name": "Kirkwood Pl N & N 59th St"
   },
   "type": "Feature"
  },
  {
   "geometry": {
    "coordinates": [
     -122.32978,
     47.67756
    ],
    "type": "Point"
   },
   "properties": {
    "alerts": 1,
    "pm_peak_alerts": 1,
    "routes": [
     [
      "62",
      1
     ]
    ],
    "stop_id": "17530",
    "stop_name": "Woodlawn Ave NE & Sunnyside Ave N"
   },
   "type": "Feature"
  },
  {
   "geometry": {
    "coordinates": [
     -122.33663,
     47.69201
    ],
    "type": "Point"
   },
   "properties": {
    "alerts": 1,
    "pm_peak_alerts": 1,
    "routes": [
     [
      "61",
      1
     ]
    ],
    "stop_id": "17651",
    "stop_name": "Wallingford Ave N & N 85th St"
   },
   "type": "Feature"
  },
  {
   "geometry": {
    "coordinates": [
     -122.33445,
     47.70272
    ],
    "type": "Point"
   },
   "properties": {
    "alerts": 1,
    "pm_peak_alerts": 0,
    "routes": [
     [
      "40",
      1
     ]
    ],
    "stop_id": "17730",
    "stop_name": "College Way N & N 103rd St"
   },
   "type": "Feature"
  },
  {
   "geometry": {
    "coordinates": [
     -122.38707,
     47.66913
    ],
    "type": "Point"
   },
   "properties": {
    "alerts": 1,
    "pm_peak_alerts": 1,
    "routes": [
     [
      "40",
      1
     ]
    ],
    "stop_id": "18120",
    "stop_name": "NW Market St & Ballard Ave NW"
   },
   "type": "Feature"
  },
  {
   "geometry": {
    "coordinates": [
     -122.34979,
     47.65012
    ],
    "type": "Point"
   },
   "properties": {
    "alerts": 1,
    "pm_peak_alerts": 0,
    "routes": [
     [
      "62",
      1
     ]
    ],
    "stop_id": "18260",
    "stop_name": "Dexter Ave N & 4th Ave N"
   },
   "type": "Feature"
  },
  {
   "geometry": {
    "coordinates": [
     -122.34338,
     47.63773
    ],
    "type": "Point"
   },
   "properties": {
    "alerts": 1,
    "pm_peak_alerts": 0,
    "routes": [
     [
      "62",
      1
     ]
    ],
    "stop_id": "18315",
    "stop_name": "Dexter Ave N & Crockett St"
   },
   "type": "Feature"
  },
  {
   "geometry": {
    "coordinates": [
     -122.34227,
     47.61828
    ],
    "type": "Point"
   },
   "properties": {
    "alerts": 1,
    "pm_peak_alerts": 0,
    "routes": [
     [
      "62",
      1
     ]
    ],
    "stop_id": "18402",
    "stop_name": "Dexter Ave & Denny Way"
   },
   "type": "Feature"
  },
  {
   "geometry": {
    "coordinates": [
     -122.34236,
     47.6231
    ],
    "type": "Point"
   },
   "properties": {
    "alerts": 1,
    "pm_peak_alerts": 0,
    "routes": [
     [
      "62",
      1
     ]
    ],
    "stop_id": "18455",
    "stop_name": "Dexter Ave N & Harrison St"
   },
   "type": "Feature"
  },
  {
   "geometry": {
    "coordinates": [
     -122.34236,
     47.62327
    ],
    "type": "Point"
   },
   "properties": {
    "alerts": 1,
    "pm_peak_alerts": 1,
    "routes": [
     [
      "62",
      1
     ]
    ],
    "stop_id": "18465",
    "stop_name": "Dexter Ave N & Roy St"
   },
   "type": "Feature"
  },
  {
   "geometry": {
    "coordinates": [
     -122.34233,
     47.62514
    ],
    "type": "Point"
   },
   "properties": {
    "alerts": 1,
    "pm_peak_alerts": 0,
    "routes": [
     [
      "62",
      1
     ]
    ],
    "stop_id": "18480",
    "stop_name": "Dexter Ave N & Aloha St"
   },
   "type": "Feature"
  },
  {
   "geometry": {
    "coordinates": [
     -122.3738,
     47.66365
    ],
    "type": "Point"
   },
   "properties": {
    "alerts": 1,
    "pm_peak_alerts": 1,
    "routes": [
     [
      "40",
      1
     ]
    ],
    "stop_id": "18696",
    "stop_name": "NW Leary Way & 15th Ave NW"
   },
   "type": "Feature"
  },
  {
   "geometry": {
    "coordinates": [
     -122.38758,
     47.67023
    ],
    "type": "Point"
   },
   "properties": {
    "alerts": 1,
    "pm_peak_alerts": 1,
    "routes": [
     [
      "40",
      1
     ]
    ],
    "stop_id": "19510",
    "stop_name": "24th Ave NW & NW 57th St"
   },
   "type": "Feature"
  },
  {
   "geometry": {
    "coordinates": [
     -122.38758,
     47.67197
    ],
    "type": "Point"
   },
   "properties": {
    "alerts": 1,
    "pm_peak_alerts": 0,
    "routes": [
     [
      "40",
      1
     ]
    ],
    "stop_id": "19530",
    "stop_name": "24th Ave NW & NW 61st St"
   },
   "type": "Feature"
  },
  {
   "geometry": {
    "coordinates": [
     -122.38758,
     47.68619
    ],
    "type": "Point"
   },
   "properties": {
    "alerts": 1,
    "pm_peak_alerts": 1,
    "routes": [
     [
      "40",
      1
     ]
    ],
    "stop_id": "19610",
    "stop_name": "24th Ave NW & NW 80th St"
   },
   "type": "Feature"
  },
  {
   "geometry": {
    "coordinates": [
     -122.36536,
     47.5173
    ],
    "type": "Point"
   },
   "properties": {
    "alerts": 1,
    "pm_peak_alerts": 1,
    "routes": [
     [
      "H Line",
      1
     ]
    ],
    "stop_id": "21280",
    "stop_name": "SW Roxbury St & 20th Ave SW"
   },
   "type": "Feature"
  },
  {
   "geometry": {
    "coordinates": [
     -122.35443,
     47.5176
    ],
    "type": "Point"
   },
   "properties": {
    "alerts": 1,
    "pm_peak_alerts": 0,
    "routes": [
     [
      "128",
      1
     ]
    ],
    "stop_id": "21292",
    "stop_name": "16th Ave SW & SW Roxbury St - Bay 5"
   },
   "type": "Feature"
  },
  {
   "geometry": {
    "coordinates": [
     -122.36103,
     47.54149
    ],
    "type": "Point"
   },
   "properties": {
    "alerts": 1,
    "pm_peak_alerts": 0,
    "routes": [
     [
      "H Line",
      1
     ]
    ],
    "stop_id": "21480",
    "stop_name": "Delridge Way SW & SW Holly St"
   },
   "type": "Feature"
  },
  {
   "geometry": {
    "coordinates": [
     -122.36292,
     47.55682
    ],
    "type": "Point"
   },
   "properties": {
    "alerts": 1,
    "pm_peak_alerts": 0,
    "routes": [
     [
      "H Line",
      1
     ]
    ],
    "stop_id": "21560",
    "stop_name": "Delridge Way SW & SW Hudson St"
   },
   "type": "Feature"
  },
  {
   "geometry": {
    "coordinates": [
     -122.36288,
     47.55978
    ],
    "type": "Point"
   },
   "properties": {
    "alerts": 1,
    "pm_peak_alerts": 0,
    "routes": [
     [
      "H Line",
      1
     ]
    ],
    "stop_id": "21600",
    "stop_name": "Delridge Way SW & SW Genesee St"
   },
   "type": "Feature"
  },
  {
   "geometry": {
    "coordinates": [
     -122.32767,
     47.59647
    ],
    "type": "Point"
   },
   "properties": {
    "alerts": 1,
    "pm_peak_alerts": 0,
    "routes": [
     [
      "545",
      1
     ]
    ],
    "stop_id": "21850",
    "stop_name": "Airport Way S & S Royal Brougham Way"
   },
   "type": "Feature"
  },
  {
   "geometry": {
    "coordinates": [
     -122.32139,
     47.57813
    ],
    "type": "Point"
   },
   "properties": {
    "alerts": 1,
    "pm_peak_alerts": 0,
    "routes": [
     [
      "124",
      1
     ]
    ],
    "stop_id": "21910",
    "stop_name": "Airport Way S & S Stevens St"
   },
   "type": "Feature"
  },
  {
   "geometry": {
    "coordinates": [
     -122.36332,
     47.56776
    ],
    "type": "Point"
   },
   "properties": {
    "alerts": 1,
    "pm_peak_alerts": 0,
    "routes": [
     [
      "H Line",
      1
     ]
    ],
    "stop_id": "21990",
    "stop_name": "Delridge Way SW & SW Andover St"
   },
   "type": "Feature"
  },
  {
   "geometry": {
    "coordinates": [
     -122.36105,
     47.53838
    ],
    "type": "Point"
   },
   "properties": {
    "alerts": 1,
    "pm_peak_alerts": 1,
    "routes": [
     [
      "H Line",
      1
     ]
    ],
    "stop_id": "22152",
    "stop_name": "Delridge Way SW & SW Myrtle St"
   },
   "type": "Feature"
  },
  {
   "geometry": {
    "coordinates": [
     -122.36046,
     47.52702
    ],
    "type": "Point"
   },
   "properties": {
    "alerts": 1,
    "pm_peak_alerts": 1,
    "routes": [
     [
      "H Line",
      1
     ]
    ],
    "stop_id": "22165",
    "stop_name": "Delridge Way SW & SW Thistle St"
   },
   "type": "Feature"
  },
  {
   "geometry": {
    "coordinates": [
     -122.33633,
     47.61853
    ],
    "type": "Point"
   },
   "properties": {
    "alerts": 1,
    "pm_peak_alerts": 1,
    "routes": [
     [
      "8",
      1
     ]
    ],
    "stop_id": "2260",
    "stop_name": "Denny Way & Fairview Ave"
   },
   "type": "Feature"
  },
  {
   "geometry": {
    "coordinates": [
     -122.32722,
     47.61847
    ],
    "type": "Point"
   },
   "properties": {
    "alerts": 1,
    "pm_peak_alerts": 1,
    "routes": [
     [
      "8",
      1
     ]
    ],
    "stop_id": "2275",
    "stop_name": "E Denny Way & Bellevue Ave E"
   },
   "type": "Feature"
  },
  {
   "geometry": {
    "coordinates": [
     -122.37499,
     47.56407
    ],
    "type": "Point"
   },
   "properties": {
    "alerts": 1,
    "pm_peak_alerts": 1,
    "routes": [
     [
      "50",
      1
     ]
    ],
    "stop_id": "22830",
    "stop_name": "35th Ave SW & SW Avalon Way"
   },
   "type": "Feature"
  },
  {
   "geometry": {
    "coordinates": [
     -122.31565,
     47.67578
    ],
    "type": "Point"
   },
   "properties": {
    "alerts": 1,
    "pm_peak_alerts": 1,
    "routes": [
     [
      "77",
      1
     ]
    ],
    "stop_id": "23561",
    "stop_name": "Roosevelt Station - Bay 3"
   },
   "type": "Feature"
  },
  {
   "geometry": {
    "coordinates": [
     -122.31606,
     47.68304
    ],
    "type": "Point"
   },
   "properties": {
    "alerts": 1,
    "pm_peak_alerts": 0,
    "routes": [
     [
      "67",
      1
     ]
    ],
    "stop_id": "23600",
    "stop_name": "NE 75th St & 12th Ave NE"
   },
   "type": "Feature"
  },
  {
   "geometry": {
    "coordinates": [
     -122.30064,
     47.67609
    ],
    "type": "Point"
   },
   "properties": {
    "alerts": 1,
    "pm_peak_alerts": 0,
    "routes": [
     [
      "72",
      1
     ]
    ],
    "stop_id": "23905",
    "stop_name": "25th Ave NE & NE 65th St"
   },
   "type": "Feature"
  },
  {
   "geometry": {
    "coordinates": [
     -122.40168,
     47.63952
    ],
    "type": "Point"
   },
   "properties": {
    "alerts": 1,
    "pm_peak_alerts": 1,
    "routes": [
     [
      "24",
      1
     ]
    ],
    "stop_id": "24260",
    "stop_name": "34th Ave W & W Mcgraw St"
   },
   "type": "Feature"
  },
  {
   "geometry": {
    "coordinates": [
     -122.30409,
     47.64403
    ],
    "type": "Point"
   },
   "properties": {
    "alerts": 1,
    "pm_peak_alerts": 1,
    "routes": [
     [
      "48",
      1
     ]
    ],
    "stop_id": "25751",
    "stop_name": "Montlake Blvd E & Sr 520"
   },
   "type": "Feature"
  },
  {
   "geometry": {
    "coordinates": [
     -122.30477,
     47.64822
    ],
    "type": "Point"
   },
   "properties": {
    "alerts": 1,
    "pm_peak_alerts": 1,
    "routes": [
     [
      "255",
      1
     ]
    ],
    "stop_id": "25754",
    "stop_name": "Sr 520 & Montlake Blvd E"
   },
   "type": "Feature"
  },
  {
   "geometry": {
    "coordinates": [
     -122.30458,
     47.65112
    ],
    "type": "Point"
   },
   "properties": {
    "alerts": 1,
    "pm_peak_alerts": 1,
    "routes": [
     [
      "65",
      1
     ]
    ],
    "stop_id": "25765",
    "stop_name": "Montlake Blvd NE & NE Pacific Pl - Bay 5"
   },
   "type": "Feature"
  },
  {
   "geometry": {
    "coordinates": [
     -122.30331,
     47.65217
    ],
    "type": "Point"
   },
   "properties": {
    "alerts": 1,
    "pm_peak_alerts": 0,
    "routes": [
     [
      "65",
      1
     ]
    ],
    "stop_id": "25771",
    "stop_name": "Montlake Blvd NE & NE Wahkiakum Ln"
   },
   "type": "Feature"
  },
  {
   "geometry": {
    "coordinates": [
     -122.29025,
     47.6739
    ],
    "type": "Point"
   },
   "properties": {
    "alerts": 1,
    "pm_peak_alerts": 1,
    "routes": [
     [
      "65",
      1
     ]
    ],
    "stop_id": "25880",
    "stop_name": "35th Ave NE & NE 65th St"
   },
   "type": "Feature"
  },
  {
   "geometry": {
    "coordinates": [
     -122.29047,
     47.68299
    ],
    "type": "Point"
   },
   "properties": {
    "alerts": 1,
    "pm_peak_alerts": 1,
    "routes": [
     [
      "65",
      1
     ]
    ],
    "stop_id": "25920",
    "stop_name": "35th Ave NE & NE 75th St"
   },
   "type": "Feature"
  },
  {
   "geometry": {
    "coordinates": [
     -122.34044,
     47.63688
    ],
    "type": "Point"
   },
   "properties": {
    "alerts": 1,
    "pm_peak_alerts": 1,
    "routes": [
     [
      "40",
      1
     ]
    ],
    "stop_id": "26580",
    "stop_name": "Westlake Ave N & 8th Ave N"
   },
   "type": "Feature"
  },
  {
   "geometry": {
    "coordinates": [
     -122.34071,
     47.63294
    ],
    "type": "Point"
   },
   "properties": {
    "alerts": 1,
    "pm_peak_alerts": 1,
    "routes": [
     [
      "40",
      1
     ]
    ],
    "stop_id": "26590",
    "stop_name": "Westlake Ave N & Galer St"
   },
   "type": "Feature"
  },
  {
   "geometry": {
    "coordinates": [
     -122.3409,
     47.63188
    ],
    "type": "Point"
   },
   "properties": {
    "alerts": 1,
    "pm_peak_alerts": 1,
    "routes": [
     [
      "40",
      1
     ]
    ],
    "stop_id": "26600",
    "stop_name": "Westlake Ave N & Highland Dr"
   },
   "type": "Feature"
  },
  {
   "geometry": {
    "coordinates": [
     -122.34097,
     47.6302
    ],
    "type": "Point"
   },
   "properties": {
    "alerts": 1,
    "pm_peak_alerts": 1,
    "routes": [
     [
      "40",
      1
     ]
    ],
    "stop_id": "26730",
    "stop_name": "Westlake Ave N & Mercer St"
   },
   "type": "Feature"
  },
  {
   "geometry": {
    "coordinates": [
     -122.34965,
     47.64746
    ],
    "type": "Point"
   },
   "properties": {
    "alerts": 1,
    "pm_peak_alerts": 0,
    "routes": [
     [
      "62",
      1
     ]
    ],
    "stop_id": "26868",
    "stop_name": "N 35th St & Fremont Ave N"
   },
   "type": "Feature"
  },
  {
   "geometry": {
    "coordinates": [
     -122.31901,
     47.60165
    ],
    "type": "Point"
   },
   "properties": {
    "alerts": 1,
    "pm_peak_alerts": 0,
    "routes": [
     [
      "60",
      1
     ]
    ],
    "stop_id": "27420",
    "stop_name": "Yesler & Broadway"
   },
   "type": "Feature"
  },
  {
   "geometry": {
    "coordinates": [
     -122.30222,
     47.59962
    ],
    "type": "Point"
   },
   "properties": {
    "alerts": 1,
    "pm_peak_alerts": 0,
    "routes": [
     [
      "8",
      1
     ]
    ],
    "stop_id": "27570",
    "stop_name": "E Yesler Way & 23rd Ave S"
   },
   "type": "Feature"
  },
  {
   "geometry": {
    "coordinates": [
     -122.34008,
     47.61091
    ],
    "type": "Point"
   },
   "properties": {
    "alerts": 1,
    "pm_peak_alerts": 0,
    "routes": [
     [
      "101",
      1
     ]
    ],
    "stop_id": "280",
    "stop_name": "2nd Ave & Stewart St"
   },
   "type": "Feature"
  },
  {
   "geometry": {
    "coordinates": [
     -122.375,
     47.66365
    ],
    "type": "Point"
   },
   "properties": {
    "alerts": 1,
    "pm_peak_alerts": 1,
    "routes": [
     [
      "40",
      1
     ]
    ],
    "stop_id": "28255",
    "stop_name": "NW Leary Way & 11th Ave NW"
   },
   "type": "Feature"
  },
  {
   "geometry": {
    "coordinates": [
     -122.36475,
     47.65898
    ],
    "type": "Point"
   },
   "properties": {
    "alerts": 1,
    "pm_peak_alerts": 1,
    "routes": [
     [
      "40",
      1
     ]
    ],
    "stop_id": "28260",
    "stop_name": "Leary Way NW & NW 43rd St"
   },
   "type": "Feature"
  },
  {
   "geometry": {
    "coordinates": [
     -122.36058,
     47.65468
    ],
    "type": "Point"
   },
   "properties": {
    "alerts": 1,
    "pm_peak_alerts": 0,
    "routes": [
     [
      "40",
      1
     ]
    ],
    "stop_id": "28300",
    "stop_name": "N 36th St & 1st Ave NW"
   },
   "type": "Feature"
  },
  {
   "geometry": {
    "coordinates": [
     -122.35098,
     47.65122
    ],
    "type": "Point"
   },
   "properties": {
    "alerts": 1,
    "pm_peak_alerts": 1,
    "routes": [
     [
      "40",
      1
     ]
    ],
    "stop_id": "28370",
    "stop_name": "NW 36th St & 1st Ave NW"
   },
   "type": "Feature"
  },
  {
   "geometry": {
    "coordinates": [
     -122.36063,
     47.65475
    ],
    "type": "Point"
   },
   "properties": {
    "alerts": 1,
    "pm_peak_alerts": 1,
    "routes": [
     [
      "40",
      1
     ]
    ],
    "stop_id": "28390",
    "stop_name": "Leary Way NW & 3rd Ave NW"
   },
   "type": "Feature"
  },
  {
   "geometry": {
    "coordinates": [
     -122.28926,
     47.61405
    ],
    "type": "Point"
   },
   "properties": {
    "alerts": 1,
    "pm_peak_alerts": 1,
    "routes": [
     [
      "2",
      1
     ]
    ],
    "stop_id": "2920",
    "stop_name": "34th Ave & E Pine St"
   },
   "type": "Feature"
  },
  {
   "geometry": {
    "coordinates": [
     -122.3418,
     47.66125
    ],
    "type": "Point"
   },
   "properties": {
    "alerts": 1,
    "pm_peak_alerts": 1,
    "routes": [
     [
      "62",
      1
     ]
    ],
    "stop_id": "29231",
    "stop_name": "N 45th St & Stone Way N"
   },
   "type": "Feature"
  },
  {
   "geometry": {
    "coordinates": [
     -122.33778,
     47.66138
    ],
    "type": "Point"
   },
   "properties": {
    "alerts": 1,
    "pm_peak_alerts": 1,
    "routes": [
     [
      "62",
      1
     ]
    ],
    "stop_id": "29232",
    "stop_name": "N 45th St & Woodlawn Ave N"
   },
   "type": "Feature"
  },
  {
   "geometry": {
    "coordinates": [
     -122.33482,
     47.66138
    ],
    "type": "Point"
   },
   "properties": {
    "alerts": 1,
    "pm_peak_alerts": 1,
    "routes": [
     [
      "44",
      1
     ]
    ],
    "stop_id": "29234",
    "stop_name": "N 45th St & Corliss Ave N"
   },
   "type": "Feature"
  },
  {
   "geometry": {
    "coordinates": [
     -122.30206,
     47.64048
    ],
    "type": "Point"
   },
   "properties": {
    "alerts": 1,
    "pm_peak_alerts": 0,
    "routes": [
     [
      "43",
      1
     ]
    ],
    "stop_id": "29248",
    "stop_name": "24th Ave E & E Newton St"
   },
   "type": "Feature"
  },
  {
   "geometry": {
    "coordinates": [
     -122.30418,
     47.62022
    ],
    "type": "Point"
   },
   "properties": {
    "alerts": 1,
    "pm_peak_alerts": 0,
    "routes": [
     [
      "8",
      1
     ]
    ],
    "stop_id": "29258",
    "stop_name": "E John St & 22nd Ave E"
   },
   "type": "Feature"
  },
  {
   "geometry": {
    "coordinates": [
     -122.31014,
     47.62049
    ],
    "type": "Point"
   },
   "properties": {
    "alerts": 1,
    "pm_peak_alerts": 1,
    "routes": [
     [
      "8",
      1
     ]
    ],
    "stop_id": "29274",
    "stop_name": "E Thomas St & 16th Ave E"
   },
   "type": "Feature"
  },
  {
   "geometry": {
    "coordinates": [
     -122.31182,
     47.6556
    ],
    "type": "Point"
   },
   "properties": {
    "alerts": 1,
    "pm_peak_alerts": 0,
    "routes": [
     [
      "72",
      1
     ]
    ],
    "stop_id": "29440",
    "stop_name": "15th Ave NE & NE Campus Pkwy"
   },
   "type": "Feature"
  },
  {
   "geometry": {
    "coordinates": [
     -122.32979,
     47.66136
    ],
    "type": "Point"
   },
   "properties": {
    "alerts": 1,
    "pm_peak_alerts": 0,
    "routes": [
     [
      "44",
      1
     ]
    ],
    "stop_id": "29500",
    "stop_name": "N 45th St & Sunnyside Ave N"
   },
   "type": "Feature"
  },
  {
   "geometry": {
    "coordinates": [
     -122.34186,
     47.66149
    ],
    "type": "Point"
   },
   "properties": {
    "alerts": 1,
    "pm_peak_alerts": 0,
    "routes": [
     [
      "44",
      1
     ]
    ],
    "stop_id": "29540",
    "stop_name": "N 45th St & Stone Way N"
   },
   "type": "Feature"
  },
  {
   "geometry": {
    "coordinates": [
     -122.3174,
     47.66129
    ],
    "type": "Point"
   },
   "properties": {
    "alerts": 1,
    "pm_peak_alerts": 1,
    "routes": [
     [
      "44",
      1
     ]
    ],
    "stop_id": "29865",
    "stop_name": "NE 45th St & Roosevelt Way NE"
   },
   "type": "Feature"
  },
  {
   "geometry": {
    "coordinates": [
     -122.26998,
     47.52188
    ],
    "type": "Point"
   },
   "properties": {
    "alerts": 1,
    "pm_peak_alerts": 0,
    "routes": [
     [
      "107",
      1
     ]
    ],
    "stop_id": "30140",
    "stop_name": "S Henderson St & Rainier Ave S"
   },
   "type": "Feature"
  },
  {
   "geometry": {
    "coordinates": [
     -122.28249,
     47.51711
    ],
    "type": "Point"
   },
   "properties": {
    "alerts": 1,
    "pm_peak_alerts": 0,
    "routes": [
     [
      "107",
      1
     ]
    ],
    "stop_id": "30180",
    "stop_name": "Carkeek Dr S & 40th Ave S"
   },
   "type": "Feature"
  },
  {
   "geometry": {
    "coordinates": [
     -122.28862,
     47.53261
    ],
    "type": "Point"
   },
   "properties": {
    "alerts": 1,
    "pm_peak_alerts": 0,
    "routes": [
     [
      "107",
      1
     ]
    ],
    "stop_id": "30290",
    "stop_name": "Beacon Ave S & S Holden St"
   },
   "type": "Feature"
  },
  {
   "geometry": {
    "coordinates": [
     -122.3192,
     47.61294
    ],
    "type": "Point"
   },
   "properties": {
    "alerts": 1,
    "pm_peak_alerts": 0,
    "routes": [
     [
      "2",
      1
     ]
    ],
    "stop_id": "3032",
    "stop_name": "E Union St & Broadway"
   },
   "type": "Feature"
  },
  {
   "geometry": {
    "coordinates": [
     -122.29465,
     47.53801
    ],
    "type": "Point"
   },
   "properties": {
    "alerts": 1,
    "pm_peak_alerts": 1,
    "routes": [
     [
      "107",
      1
     ]
    ],
    "stop_id": "30320",
    "stop_name": "Beacon Ave S & S Othello St"
   },
   "type": "Feature"
  },
  {
   "geometry": {
    "coordinates": [
     -122.29937,
     47.54321
    ],
    "type": "Point"
   },
   "properties": {
    "alerts": 1,
    "pm_peak_alerts": 0,
    "routes": [
     [
      "36",
      1
     ]
    ],
    "stop_id": "30360",
    "stop_name": "Beacon Ave S & S Holly St"
   },
   "type": "Feature"
  },
  {
   "geometry": {
    "coordinates": [
     -122.30132,
     47.54965
    ],
    "type": "Point"
   },
   "properties": {
    "alerts": 1,
    "pm_peak_alerts": 1,
    "routes": [
     [
      "36",
      1
     ]
    ],
    "stop_id": "30410",
    "stop_name": "Beacon Ave S & S Orcas St"
   },
   "type": "Feature"
  },
  {
   "geometry": {
    "coordinates": [
     -122.31348,
     47.56594
    ],
    "type": "Point"
   },
   "properties": {
    "alerts": 1,
    "pm_peak_alerts": 1,
    "routes": [
     [
      "60",
      1
     ]
    ],
    "stop_id": "30510",
    "stop_name": "15th Ave S & S Dakota St"
   },
   "type": "Feature"
  },
  {
   "geometry": {
    "coordinates": [
     -122.31342,
     47.56992
    ],
    "type": "Point"
   },
   "properties": {
    "alerts": 1,
    "pm_peak_alerts": 0,
    "routes": [
     [
      "107",
      1
     ]
    ],
    "stop_id": "30790",
    "stop_name": "15th Ave S & S Dakota St"
   },
   "type": "Feature"
  },
  {
   "geometry": {
    "coordinates": [
     -122.30993,
     47.56315
    ],
    "type": "Point"
   },
   "properties": {
    "alerts": 1,
    "pm_peak_alerts": 1,
    "routes": [
     [
      "50",
      1
     ]
    ],
    "stop_id": "30820",
    "stop_name": "S Columbian Way & S Snoqualmie St"
   },
   "type": "Feature"
  },
  {
   "geometry": {
    "coordinates": [
     -122.30352,
     47.55587
    ],
    "type": "Point"
   },
   "properties": {
    "alerts": 1,
    "pm_peak_alerts": 1,
    "routes": [
     [
      "36",
      1
     ]
    ],
    "stop_id": "30855",
    "stop_name": "Beacon Ave S & S Dawson St"
   },
   "type": "Feature"
  },
  {
   "geometry": {
    "coordinates": [
     -122.28795,
     47.5268
    ],
    "type": "Point"
   },
   "properties": {
    "alerts": 1,
    "pm_peak_alerts": 0,
    "routes": [
     [
      "107",
      1
     ]
    ],
    "stop_id": "31060",
    "stop_name": "Beacon Ave S & S Cloverdale St"
   },
   "type": "Feature"
  },
  {
   "geometry": {
    "coordinates": [
     -122.28653,
     47.52399
    ],
    "type": "Point"
   },
   "properties": {
    "alerts": 1,
    "pm_peak_alerts": 1,
    "routes": [
     [
      "107",
      1
     ]
    ],
    "stop_id": "31070",
    "stop_name": "Beacon Ave S & 37th Ave S"
   },
   "type": "Feature"
  },
  {
   "geometry": {
    "coordinates": [
     -122.27758,
     47.52325
    ],
    "type": "Point"
   },
   "properties": {
    "alerts": 1,
    "pm_peak_alerts": 1,
    "routes": [
     [
      "107",
      1
     ]
    ],
    "stop_id": "31134",
    "stop_name": "S Henderson St & 48th Ave S"
   },
   "type": "Feature"
  },
  {
   "geometry": {
    "coordinates": [
     -122.33784,
     47.60813
    ],
    "type": "Point"
   },
   "properties": {
    "alerts": 1,
    "pm_peak_alerts": 0,
    "routes": [
     [
      "101",
      1
     ]
    ],
    "stop_id": "312",
    "stop_name": "2nd Ave & University St"
   },
   "type": "Feature"
  },
  {
   "geometry": {
    "coordinates": [
     -122.31446,
     47.53504
    ],
    "type": "Point"
   },
   "properties": {
    "alerts": 1,
    "pm_peak_alerts": 0,
    "routes": [
     [
      "60",
      1
     ]
    ],
    "stop_id": "31660",
    "stop_name": "16th Ave S & East Marginal Way S"
   },
   "type": "Feature"
  },
  {
   "geometry": {
    "coordinates": [
     -122.31553,
     47.52648
    ],
    "type": "Point"
   },
   "properties": {
    "alerts": 1,
    "pm_peak_alerts": 0,
    "routes": [
     [
      "60",
      1
     ]
    ],
    "stop_id": "31680",
    "stop_name": "S Cloverdale St & 12th Ave S"
   },
   "type": "Feature"
  },
  {
   "geometry": {
    "coordinates": [
     -122.38684,
     47.55867
    ],
    "type": "Point"
   },
   "properties": {
    "alerts": 1,
    "pm_peak_alerts": 1,
    "routes": [
     [
      "128",
      1
     ]
    ],
    "stop_id": "32011",
    "stop_name": "SW Alaska St & 44th Ave SW - Bay 4"
   },
   "type": "Feature"
  },
  {
   "geometry": {
    "coordinates": [
     -122.30343,
     47.55611
    ],
    "type": "Point"
   },
   "properties": {
    "alerts": 1,
    "pm_peak_alerts": 0,
    "routes": [
     [
      "36",
      1
     ]
    ],
    "stop_id": "3380",
    "stop_name": "Beacon Ave S & S Columbian Way"
   },
   "type": "Feature"
  },
  {
   "geometry": {
    "coordinates": [
     -122.30611,
     47.56521
    ],
    "type": "Point"
   },
   "properties": {
    "alerts": 1,
    "pm_peak_alerts": 1,
    "routes": [
     [
      "36",
      1
     ]
    ],
    "stop_id": "3400",
    "stop_name": "Beacon Ave S & Veterans Administration Hospital"
   },
   "type": "Feature"
  },
  {
   "geometry": {
    "coordinates": [
     -122.30595,
     47.56468
    ],
    "type": "Point"
   },
   "properties": {
    "alerts": 1,
    "pm_peak_alerts": 0,
    "routes": [
     [
      "36",
      1
     ]
    ],
    "stop_id": "3410",
    "stop_name": "Beacon Ave S & Jefferson Golf Course"
   },
   "type": "Feature"
  },
  {
   "geometry": {
    "coordinates": [
     -122.30943,
     47.57569
    ],
    "type": "Point"
   },
   "properties": {
    "alerts": 1,
    "pm_peak_alerts": 0,
    "routes": [
     [
      "36",
      1
     ]
    ],
    "stop_id": "3450",
    "stop_name": "Beacon Ave S & S Hanford St"
   },
   "type": "Feature"
  },
  {
   "geometry": {
    "coordinates": [
     -122.31467,
     47.58553
    ],
    "type": "Point"
   },
   "properties": {
    "alerts": 1,
    "pm_peak_alerts": 1,
    "routes": [
     [
      "60",
      1
     ]
    ],
    "stop_id": "3515",
    "stop_name": "14th Ave S & S Holgate St"
   },
   "type": "Feature"
  },
  {
   "geometry": {
    "coordinates": [
     -122.31548,
     47.5881
    ],
    "type": "Point"
   },
   "properties": {
    "alerts": 1,
    "pm_peak_alerts": 0,
    "routes": [
     [
      "36",
      1
     ]
    ],
    "stop_id": "3530",
    "stop_name": "S Massachusetts St & 14th Ave S"
   },
   "type": "Feature"
  },
  {
   "geometry": {
    "coordinates": [
     -122.32847,
     47.70103
    ],
    "type": "Point"
   },
   "properties": {
    "alerts": 1,
    "pm_peak_alerts": 1,
    "routes": [
     [
      "40",
      1
     ]
    ],
    "stop_id": "35317",
    "stop_name": "Northgate Station - Bay 1"
   },
   "type": "Feature"
  },
  {
   "geometry": {
    "coordinates": [
     -122.31218,
     47.71943
    ],
    "type": "Point"
   },
   "properties": {
    "alerts": 1,
    "pm_peak_alerts": 0,
    "routes": [
     [
      "77",
      1
     ]
    ],
    "stop_id": "35380",
    "stop_name": "NE 125th St & 15th Ave NE"
   },
   "type": "Feature"
  },
  {
   "geometry": {
    "coordinates": [
     -122.29626,
     47.71928
    ],
    "type": "Point"
   },
   "properties": {
    "alerts": 1,
    "pm_peak_alerts": 0,
    "routes": [
     [
      "77",
      1
     ]
    ],
    "stop_id": "35440",
    "stop_name": "NE 125th St & 30th Ave NE"
   },
   "type": "Feature"
  },
  {
   "geometry": {
    "coordinates": [
     -122.31727,
     47.59023
    ],
    "type": "Point"
   },
   "properties": {
    "alerts": 1,
    "pm_peak_alerts": 0,
    "routes": [
     [
      "36",
      1
     ]
    ],
    "stop_id": "3550",
    "stop_name": "12th Ave S & S Atlantic St"
   },
   "type": "Feature"
  },
  {
   "geometry": {
    "coordinates": [
     -122.38251,
     47.69058
    ],
    "type": "Point"
   },
   "properties": {
    "alerts": 1,
    "pm_peak_alerts": 1,
    "routes": [
     [
      "40",
      1
     ]
    ],
    "stop_id": "35580",
    "stop_name": "NW 85th St & 20th Ave NW"
   },
   "type": "Feature"
  },
  {
   "geometry": {
    "coordinates": [
     -122.30269,
     47.61353
    ],
    "type": "Point"
   },
   "properties": {
    "alerts": 1,
    "pm_peak_alerts": 1,
    "routes": [
     [
      "48",
      1
     ]
    ],
    "stop_id": "35860",
    "stop_name": "23rd Ave & E Union St"
   },
   "type": "Feature"
  },
  {
   "geometry": {
    "coordinates": [
     -122.35495,
     47.54066
    ],
    "type": "Point"
   },
   "properties": {
    "alerts": 1,
    "pm_peak_alerts": 1,
    "routes": [
     [
      "128",
      1
     ]
    ],
    "stop_id": "36510",
    "stop_name": "16th Ave SW & SW Holly St"
   },
   "type": "Feature"
  },
  {
   "geometry": {
    "coordinates": [
     -122.3125,
     47.66481
    ],
    "type": "Point"
   },
   "properties": {
    "alerts": 1,
    "pm_peak_alerts": 0,
    "routes": [
     [
      "77",
      1
     ]
    ],
    "stop_id": "36890",
    "stop_name": "15th Ave NE & NE 52nd St"
   },
   "type": "Feature"
  },
  {
   "geometry": {
    "coordinates": [
     -122.33636,
     47.68549
    ],
    "type": "Point"
   },
   "properties": {
    "alerts": 1,
    "pm_peak_alerts": 0,
    "routes": [
     [
      "45",
      1
     ]
    ],
    "stop_id": "37020",
    "stop_name": "East Green Lake Dr N & Wallingford Ave N"
   },
   "type": "Feature"
  },
  {
   "geometry": {
    "coordinates": [
     -122.31164,
     47.67579
    ],
    "type": "Point"
   },
   "properties": {
    "alerts": 1,
    "pm_peak_alerts": 1,
    "routes": [
     [
      "62",
      1
     ]
    ],
    "stop_id": "37359",
    "stop_name": "NE 65th St & 14th Ave NE"
   },
   "type": "Feature"
  },
  {
   "geometry": {
    "coordinates": [
     -122.30194,
     47.67577
    ],
    "type": "Point"
   },
   "properties": {
    "alerts": 1,
    "pm_peak_alerts": 1,
    "routes": [
     [
      "62",
      1
     ]
    ],
    "stop_id": "37400",
    "stop_name": "NE 65th St & 23rd Ave NE"
   },
   "type": "Feature"
  },
  {
   "geometry": {
    "coordinates": [
     -122.30179,
     47.67577
    ],
    "type": "Point"
   },
   "properties": {
    "alerts": 1,
    "pm_peak_alerts": 1,
    "routes": [
     [
      "62",
      1
     ]
    ],
    "stop_id": "37410",
    "stop_name": "NE 65th St & 25th Ave NE"
   },
   "type": "Feature"
  },
  {
   "geometry": {
    "coordinates": [
     -122.28945,
     47.67579
    ],
    "type": "Point"
   },
   "properties": {
    "alerts": 1,
    "pm_peak_alerts": 1,
    "routes": [
     [
      "62",
      1
     ]
    ],
    "stop_id": "37460",
    "stop_name": "NE 65th St & 35th Ave NE"
   },
   "type": "Feature"
  },
  {
   "geometry": {
    "coordinates": [
     -122.26363,
     47.68057
    ],
    "type": "Point"
   },
   "properties": {
    "alerts": 1,
    "pm_peak_alerts": 0,
    "routes": [
     [
      "62",
      1
     ]
    ],
    "stop_id": "37470",
    "stop_name": "NE 65th St & 38th Ave NE"
   },
   "type": "Feature"
  },
  {
   "geometry": {
    "coordinates": [
     -122.27433,
     47.68109
    ],
    "type": "Point"
   },
   "properties": {
    "alerts": 1,
    "pm_peak_alerts": 0,
    "routes": [
     [
      "79",
      1
     ]
    ],
    "stop_id": "37550",
    "stop_name": "50th Ave NE & NE 73rd St"
   },
   "type": "Feature"
  },
  {
   "geometry": {
    "coordinates": [
     -122.31467,
     47.58462
    ],
    "type": "Point"
   },
   "properties": {
    "alerts": 1,
    "pm_peak_alerts": 0,
    "routes": [
     [
      "36",
      1
     ]
    ],
    "stop_id": "3778",
    "stop_name": "14th Ave S & S Hill St"
   },
   "type": "Feature"
  },
  {
   "geometry": {
    "coordinates": [
     -122.27551,
     47.67522
    ],
    "type": "Point"
   },
   "properties": {
    "alerts": 1,
    "pm_peak_alerts": 0,
    "routes": [
     [
      "62",
      1
     ]
    ],
    "stop_id": "37880",
    "stop_name": "NE 65th St & 49th Ave NE"
   },
   "type": "Feature"
  },
  {
   "geometry": {
    "coordinates": [
     -122.29972,
     47.67577
    ],
    "type": "Point"
   },
   "properties": {
    "alerts": 1,
    "pm_peak_alerts": 0,
    "routes": [
     [
      "62",
      1
     ]
    ],
    "stop_id": "37980",
    "stop_name": "NE 65th St & 26th Ave NE"
   },
   "type": "Feature"
  },
  {
   "geometry": {
    "coordinates": [
     -122.29745,
     47.71551
    ],
    "type": "Point"
   },
   "properties": {
    "alerts": 1,
    "pm_peak_alerts": 0,
    "routes": [
     [
      "72",
      1
     ]
    ],
    "stop_id": "38145",
    "stop_name": "Lake City Way NE & NE 120th St"
   },
   "type": "Feature"
  },
  {
   "geometry": {
    "coordinates": [
     -122.31166,
     47.68787
    ],
    "type": "Point"
   },
   "properties": {
    "alerts": 1,
    "pm_peak_alerts": 0,
    "routes": [
     [
      "77",
      1
     ]
    ],
    "stop_id": "38236",
    "stop_name": "Lake City Way NE & 14th Ave NE"
   },
   "type": "Feature"
  },
  {
   "geometry": {
    "coordinates": [
     -122.30558,
     47.69669
    ],
    "type": "Point"
   },
   "properties": {
    "alerts": 1,
    "pm_peak_alerts": 0,
    "routes": [
     [
      "72",
      1
     ]
    ],
    "stop_id": "38550",
    "stop_name": "Ravenna Ave NE & NE 92nd St"
   },
   "type": "Feature"
  },
  {
   "geometry": {
    "coordinates": [
     -122.30561,
     47.69527
    ],
    "type": "Point"
   },
   "properties": {
    "alerts": 1,
    "pm_peak_alerts": 1,
    "routes": [
     [
      "77",
      1
     ]
    ],
    "stop_id": "38560",
    "stop_name": "Lake City Way NE & NE 95th St"
   },
   "type": "Feature"
  },
  {
   "geometry": {
    "coordinates": [
     -122.30832,
     47.5722
    ],
    "type": "Point"
   },
   "properties": {
    "alerts": 1,
    "pm_peak_alerts": 1,
    "routes": [
     [
      "36",
      1
     ]
    ],
    "stop_id": "3860",
    "stop_name": "Beacon Ave S & S Spokane St"
   },
   "type": "Feature"
  },
  {
   "geometry": {
    "coordinates": [
     -122.29783,
     47.71487
    ],
    "type": "Point"
   },
   "properties": {
    "alerts": 1,
    "pm_peak_alerts": 1,
    "routes": [
     [
      "72",
      1
     ]
    ],
    "stop_id": "38650",
    "stop_name": "Lake City Way NE & NE 120th St"
   },
   "type": "Feature"
  },
  {
   "geometry": {
    "coordinates": [
     -122.30778,
     47.57051
    ],
    "type": "Point"
   },
   "properties": {
    "alerts": 1,
    "pm_peak_alerts": 0,
    "routes": [
     [
      "36",
      1
     ]
    ],
    "stop_id": "3870",
    "stop_name": "Beacon Ave S & Jefferson Community Center"
   },
   "type": "Feature"
  },
  {
   "geometry": {
    "coordinates": [
     -122.31263,
     47.71878
    ],
    "type": "Point"
   },
   "properties": {
    "alerts": 1,
    "pm_peak_alerts": 1,
    "routes": [
     [
      "348",
      1
     ]
    ],
    "stop_id": "39240",
    "stop_name": "15th Ave NE & NE 123rd St"
   },
   "type": "Feature"
  },
  {
   "geometry": {
    "coordinates": [
     -122.35448,
     47.70508
    ],
    "type": "Point"
   },
   "properties": {
    "alerts": 1,
    "pm_peak_alerts": 1,
    "routes": [
     [
      "40",
      1
     ]
    ],
    "stop_id": "40038",
    "stop_name": "N 105th St & Greenwood Ave N"
   },
   "type": "Feature"
  },
  {
   "geometry": {
    "coordinates": [
     -122.37658,
     47.69225
    ],
    "type": "Point"
   },
   "properties": {
    "alerts": 1,
    "pm_peak_alerts": 0,
    "routes": [
     [
      "40",
      1
     ]
    ],
    "stop_id": "40050",
    "stop_name": "Holman Rd NW & Mary Ave NW"
   },
   "type": "Feature"
  },
  {
   "geometry": {
    "coordinates": [
     -122.34645,
     47.70505
    ],
    "type": "Point"
   },
   "properties": {
    "alerts": 1,
    "pm_peak_alerts": 1,
    "routes": [
     [
      "40",
      1
     ]
    ],
    "stop_id": "40068",
    "stop_name": "N Northgate Way & Aurora Ave N"
   },
   "type": "Feature"
  },
  {
   "geometry": {
    "coordinates": [
     -122.34332,
     47.70505
    ],
    "type": "Point"
   },
   "properties": {
    "alerts": 1,
    "pm_peak_alerts": 1,
    "routes": [
     [
      "40",
      1
     ]
    ],
    "stop_id": "40070",
    "stop_name": "N Northgate Way & Stone Ave N"
   },
   "type": "Feature"
  },
  {
   "geometry": {
    "coordinates": [
     -122.34755,
     47.62476
    ],
    "type": "Point"
   },
   "properties": {
    "alerts": 1,
    "pm_peak_alerts": 1,
    "routes": [
     [
      "4",
      1
     ]
    ],
    "stop_id": "4050",
    "stop_name": "5th Ave N & Republican St"
   },
   "type": "Feature"
  },
  {
   "geometry": {
    "coordinates": [
     -122.34771,
     47.61908
    ],
    "type": "Point"
   },
   "properties": {
    "alerts": 1,
    "pm_peak_alerts": 0,
    "routes": [
     [
      "4",
      1
     ]
    ],
    "stop_id": "4080",
    "stop_name": "5th Ave N & Denny Way"
   },
   "type": "Feature"
  },
  {
   "geometry": {
    "coordinates": [
     -122.32317,
     47.56037
    ],
    "type": "Point"
   },
   "properties": {
    "alerts": 1,
    "pm_peak_alerts": 1,
    "routes": [
     [
      "124",
      1
     ]
    ],
    "stop_id": "41040",
    "stop_name": "Airport Way S & S Edmunds St"
   },
   "type": "Feature"
  },
  {
   "geometry": {
    "coordinates": [
     -122.31579,
     47.54778
    ],
    "type": "Point"
   },
   "properties": {
    "alerts": 1,
    "pm_peak_alerts": 0,
    "routes": [
     [
      "60",
      1
     ]
    ],
    "stop_id": "41740",
    "stop_name": "13th Ave S & S Bailey St"
   },
   "type": "Feature"
  },
  {
   "geometry": {
    "coordinates": [
     -122.316,
     47.54773
    ],
    "type": "Point"
   },
   "properties": {
    "alerts": 1,
    "pm_peak_alerts": 1,
    "routes": [
     [
      "107",
      1
     ]
    ],
    "stop_id": "41750",
    "stop_name": "S Albro Pl & Stanley Ave S"
   },
   "type": "Feature"
  },
  {
   "geometry": {
    "coordinates": [
     -122.31346,
     47.55462
    ],
    "type": "Point"
   },
   "properties": {
    "alerts": 1,
    "pm_peak_alerts": 1,
    "routes": [
     [
      "60",
      1
     ]
    ],
    "stop_id": "41780",
    "stop_name": "15th Ave S & S Lucile St"
   },
   "type": "Feature"
  },
  {
   "geometry": {
    "coordinates": [
     -122.31341,
     47.57058
    ],
    "type": "Point"
   },
   "properties": {
    "alerts": 1,
    "pm_peak_alerts": 0,
    "routes": [
     [
      "60",
      1
     ]
    ],
    "stop_id": "41850",
    "stop_name": "15th Ave S & S Spokane St"
   },
   "type": "Feature"
  },
  {
   "geometry": {
    "coordinates": [
     -122.32337,
     47.60405
    ],
    "type": "Point"
   },
   "properties": {
    "alerts": 1,
    "pm_peak_alerts": 0,
    "routes": [
     [
      "60",
      1
     ]
    ],
    "stop_id": "41930",
    "stop_name": "9th Ave & Alder St"
   },
   "type": "Feature"
  },
  {
   "geometry": {
    "coordinates": [
     -122.321,
     47.61187
    ],
    "type": "Point"
   },
   "properties": {
    "alerts": 1,
    "pm_peak_alerts": 0,
    "routes": [
     [
      "60",
      1
     ]
    ],
    "stop_id": "41965",
    "stop_name": "Broadway & E Union St"
   },
   "type": "Feature"
  },
  {
   "geometry": {
    "coordinates": [
     -122.32078,
     47.61378
    ],
    "type": "Point"
   },
   "properties": {
    "alerts": 1,
    "pm_peak_alerts": 0,
    "routes": [
     [
      "60",
      1
     ]
    ],
    "stop_id": "41970",
    "stop_name": "Broadway & Pike-Pine"
   },
   "type": "Feature"
  },
  {
   "geometry": {
    "coordinates": [
     -122.32077,
     47.61288
    ],
    "type": "Point"
   },
   "properties": {
    "alerts": 1,
    "pm_peak_alerts": 1,
    "routes": [
     [
      "60",
      1
     ]
    ],
    "stop_id": "41980",
    "stop_name": "Broadway & Pike-Pine"
   },
   "type": "Feature"
  },
  {
   "geometry": {
    "coordinates": [
     -122.32515,
     47.606
    ],
    "type": "Point"
   },
   "properties": {
    "alerts": 1,
    "pm_peak_alerts": 1,
    "routes": [
     [
      "60",
      1
     ]
    ],
    "stop_id": "41990",
    "stop_name": "9th Ave & Marion St"
   },
   "type": "Feature"
  },
  {
   "geometry": {
    "coordinates": [
     -122.31347,
     47.56173
    ],
    "type": "Point"
   },
   "properties": {
    "alerts": 1,
    "pm_peak_alerts": 0,
    "routes": [
     [
      "107",
      1
     ]
    ],
    "stop_id": "42091",
    "stop_name": "15th Ave S & S Angeline St"
   },
   "type": "Feature"
  },
  {
   "geometry": {
    "coordinates": [
     -122.2823,
     47.51792
    ],
    "type": "Point"
   },
   "properties": {
    "alerts": 1,
    "pm_peak_alerts": 1,
    "routes": [
     [
      "107",
      1
     ]
    ],
    "stop_id": "42120",
    "stop_name": "15th Ave S & S Dawson St"
   },
   "type": "Feature"
  },
  {
   "geometry": {
    "coordinates": [
     -122.31348,
     47.55223
    ],
    "type": "Point"
   },
   "properties": {
    "alerts": 1,
    "pm_peak_alerts": 0,
    "routes": [
     [
      "60",
      1
     ]
    ],
    "stop_id": "42140",
    "stop_name": "15th Ave S & S Orcas St"
   },
   "type": "Feature"
  },
  {
   "geometry": {
    "coordinates": [
     -122.3398,
     47.61161
    ],
    "type": "Point"
   },
   "properties": {
    "alerts": 1,
    "pm_peak_alerts": 0,
    "routes": [
     [
      "62",
      1
     ]
    ],
    "stop_id": "430",
    "stop_name": "3rd Ave & Pine St"
   },
   "type": "Feature"
  },
  {
   "geometry": {
    "coordinates": [
     -122.31445,
     47.71943
    ],
    "type": "Point"
   },
   "properties": {
    "alerts": 1,
    "pm_peak_alerts": 0,
    "routes": [
     [
      "75",
      1
     ]
    ],
    "stop_id": "43036",
    "stop_name": "NE 125th St & 11th Ave NE"
   },
   "type": "Feature"
  },
  {
   "geometry": {
    "coordinates": [
     -122.34476,
     47.72323
    ],
    "type": "Point"
   },
   "properties": {
    "alerts": 1,
    "pm_peak_alerts": 0,
    "routes": [
     [
      "77",
      1
     ]
    ],
    "stop_id": "43050",
    "stop_name": "N 130th St & Aurora Ave N"
   },
   "type": "Feature"
  },
  {
   "geometry": {
    "coordinates": [
     -122.35216,
     47.63825
    ],
    "type": "Point"
   },
   "properties": {
    "alerts": 1,
    "pm_peak_alerts": 1,
    "routes": [
     [
      "4",
      1
     ]
    ],
    "stop_id": "4355",
    "stop_name": "Boston St & 2nd Ave N"
   },
   "type": "Feature"
  },
  {
   "geometry": {
    "coordinates": [
     -122.29613,
     47.61799
    ],
    "type": "Point"
   },
   "properties": {
    "alerts": 1,
    "pm_peak_alerts": 1,
    "routes": [
     [
      "8",
      1
     ]
    ],
    "stop_id": "43710",
    "stop_name": "Martin L King Jr Way & E Olive St"
   },
   "type": "Feature"
  },
  {
   "geometry": {
    "coordinates": [
     -122.29688,
     47.60281
    ],
    "type": "Point"
   },
   "properties": {
    "alerts": 1,
    "pm_peak_alerts": 0,
    "routes": [
     [
      "8",
      1
     ]
    ],
    "stop_id": "43720",
    "stop_name": "Martin L King Jr Way & E Alder St"
   },
   "type": "Feature"
  },
  {
   "geometry": {
    "coordinates": [
     -122.12059,
     47.48808
    ],
    "type": "Point"
   },
   "properties": {
    "alerts": 1,
    "pm_peak_alerts": 1,
    "routes": [
     [
      "111",
      1
     ]
    ],
    "stop_id": "44972",
    "stop_name": "SE 128th St & 164th Ave SE"
   },
   "type": "Feature"
  },
  {
   "geometry": {
    "coordinates": [
     -122.22453,
     47.49967
    ],
    "type": "Point"
   },
   "properties": {
    "alerts": 1,
    "pm_peak_alerts": 0,
    "routes": [
     [
      "107",
      1
     ]
    ],
    "stop_id": "45441",
    "stop_name": "S 115th Pl & 85th Ave S"
   },
   "type": "Feature"
  },
  {
   "geometry": {
    "coordinates": [
     -122.30326,
     47.54247
    ],
    "type": "Point"
   },
   "properties": {
    "alerts": 1,
    "pm_peak_alerts": 1,
    "routes": [
     [
      "107",
      1
     ]
    ],
    "stop_id": "45731",
    "stop_name": "Swift Ave S & S Warsaw St"
   },
   "type": "Feature"
  },
  {
   "geometry": {
    "coordinates": [
     -122.32048,
     47.53904
    ],
    "type": "Point"
   },
   "properties": {
    "alerts": 1,
    "pm_peak_alerts": 1,
    "routes": [
     [
      "60",
      1
     ]
    ],
    "stop_id": "46025",
    "stop_name": "Ellis Ave S & S Myrtle St"
   },
   "type": "Feature"
  },
  {
   "geometry": {
    "coordinates": [
     -122.3061,
     47.54538
    ],
    "type": "Point"
   },
   "properties": {
    "alerts": 1,
    "pm_peak_alerts": 1,
    "routes": [
     [
      "107",
      1
     ]
    ],
    "stop_id": "46061",
    "stop_name": "Swift Ave S & S Warsaw St"
   },
   "type": "Feature"
  },
  {
   "geometry": {
    "coordinates": [
     -122.20161,
     47.5003
    ],
    "type": "Point"
   },
   "properties": {
    "alerts": 1,
    "pm_peak_alerts": 0,
    "routes": [
     [
      "240",
      1
     ]
    ],
    "stop_id": "46541",
    "stop_name": "Southport Dr N & Garden Ave N"
   },
   "type": "Feature"
  },
  {
   "geometry": {
    "coordinates": [
     -122.17983,
     47.50065
    ],
    "type": "Point"
   },
   "properties": {
    "alerts": 1,
    "pm_peak_alerts": 1,
    "routes": [
     [
      "111",
      1
     ]
    ],
    "stop_id": "46565",
    "stop_name": "NE Sunset Blvd & NE 10th St"
   },
   "type": "Feature"
  },
  {
   "geometry": {
    "coordinates": [
     -122.20869,
     47.48662
    ],
    "type": "Point"
   },
   "properties": {
    "alerts": 1,
    "pm_peak_alerts": 0,
    "routes": [
     [
      "F Line",
      1
     ]
    ],
    "stop_id": "46579",
    "stop_name": "Logan Ave N & N 3rd St"
   },
   "type": "Feature"
  },
  {
   "geometry": {
    "coordinates": [
     -122.17603,
     47.503
    ],
    "type": "Point"
   },
   "properties": {
    "alerts": 1,
    "pm_peak_alerts": 0,
    "routes": [
     [
      "240",
      1
     ]
    ],
    "stop_id": "46600",
    "stop_name": "NE 12th St & Lynnwood Ave NE"
   },
   "type": "Feature"
  },
  {
   "geometry": {
    "coordinates": [
     -122.33558,
     47.42817
    ],
    "type": "Point"
   },
   "properties": {
    "alerts": 1,
    "pm_peak_alerts": 1,
    "routes": [
     [
      "166",
      1
     ]
    ],
    "stop_id": "47520",
    "stop_name": "1st Ave S & S 192nd St"
   },
   "type": "Feature"
  },
  {
   "geometry": {
    "coordinates": [
     -122.33419,
     47.60582
    ],
    "type": "Point"
   },
   "properties": {
    "alerts": 1,
    "pm_peak_alerts": 0,
    "routes": [
     [
      "7",
      1
     ]
    ],
    "stop_id": "480",
    "stop_name": "3rd Ave & Marion St"
   },
   "type": "Feature"
  },
  {
   "geometry": {
    "coordinates": [
     -122.33421,
     47.60357
    ],
    "type": "Point"
   },
   "properties": {
    "alerts": 1,
    "pm_peak_alerts": 1,
    "routes": [
     [
      "H Line",
      1
     ]
    ],
    "stop_id": "481",
    "stop_name": "3rd Ave & Columbia St"
   },
   "type": "Feature"
  },
  {
   "geometry": {
    "coordinates": [
     -122.3062,
     47.46608
    ],
    "type": "Point"
   },
   "properties": {
    "alerts": 1,
    "pm_peak_alerts": 1,
    "routes": [
     [
      "F Line",
      1
     ]
    ],
    "stop_id": "49290",
    "stop_name": "S 156th St & Des Moines Memorial Dr S"
   },
   "type": "Feature"
  },
  {
   "geometry": {
    "coordinates": [
     -122.33306,
     47.60457
    ],
    "type": "Point"
   },
   "properties": {
    "alerts": 1,
    "pm_peak_alerts": 1,
    "routes": [
     [
      "36",
      1
     ]
    ],
    "stop_id": "500",
    "stop_name": "3rd Ave & James St"
   },
   "type": "Feature"
  },
  {
   "geometry": {
    "coordinates": [
     -122.24655,
     47.38671
    ],
    "type": "Point"
   },
   "properties": {
    "alerts": 1,
    "pm_peak_alerts": 0,
    "routes": [
     [
      "150",
      1
     ]
    ],
    "stop_id": "50712",
    "stop_name": "W James St & Washington Ave N"
   },
   "type": "Feature"
  },
  {
   "geometry": {
    "coordinates": [
     -122.25373,
     47.38632
    ],
    "type": "Point"
   },
   "properties": {
    "alerts": 1,
    "pm_peak_alerts": 0,
    "routes": [
     [
      "164",
      1
     ]
    ],
    "stop_id": "50717",
    "stop_name": "64th Ave S & W James St"
   },
   "type": "Feature"
  },
  {
   "geometry": {
    "coordinates": [
     -122.24477,
     47.38671
    ],
    "type": "Point"
   },
   "properties": {
    "alerts": 1,
    "pm_peak_alerts": 1,
    "routes": [
     [
      "164",
      1
     ]
    ],
    "stop_id": "50755",
    "stop_name": "W Meeker St & Washington Ave N"
   },
   "type": "Feature"
  },
  {
   "geometry": {
    "coordinates": [
     -122.34997,
     47.48992
    ],
    "type": "Point"
   },
   "properties": {
    "alerts": 1,
    "pm_peak_alerts": 0,
    "routes": [
     [
      "H Line",
      1
     ]
    ],
    "stop_id": "51552",
    "stop_name": "Ambaum Blvd SW & SW 122nd St"
   },
   "type": "Feature"
  },
  {
   "geometry": {
    "coordinates": [
     -122.35375,
     47.5083
    ],
    "type": "Point"
   },
   "properties": {
    "alerts": 1,
    "pm_peak_alerts": 1,
    "routes": [
     [
      "H Line",
      1
     ]
    ],
    "stop_id": "51615",
    "stop_name": "15th Ave SW & SW 107th St"
   },
   "type": "Feature"
  },
  {
   "geometry": {
    "coordinates": [
     -122.35449,
     47.5125
    ],
    "type": "Point"
   },
   "properties": {
    "alerts": 1,
    "pm_peak_alerts": 1,
    "routes": [
     [
      "H Line",
      1
     ]
    ],
    "stop_id": "51651",
    "stop_name": "15th Ave SW & SW 102nd St"
   },
   "type": "Feature"
  },
  {
   "geometry": {
    "coordinates": [
     -122.35378,
     47.50751
    ],
    "type": "Point"
   },
   "properties": {
    "alerts": 1,
    "pm_peak_alerts": 1,
    "routes": [
     [
      "H Line",
      1
     ]
    ],
    "stop_id": "52081",
    "stop_name": "15th Ave SW & SW 107th St"
   },
   "type": "Feature"
  },
  {
   "geometry": {
    "coordinates": [
     -122.35493,
     47.50688
    ],
    "type": "Point"
   },
   "properties": {
    "alerts": 1,
    "pm_peak_alerts": 1,
    "routes": [
     [
      "H Line",
      1
     ]
    ],
    "stop_id": "52120",
    "stop_name": "16th Ave SW & SW 112th St"
   },
   "type": "Feature"
  },
  {
   "geometry": {
    "coordinates": [
     -122.3552,
     47.50043
    ],
    "type": "Point"
   },
   "properties": {
    "alerts": 1,
    "pm_peak_alerts": 0,
    "routes": [
     [
      "H Line",
      1
     ]
    ],
    "stop_id": "52140",
    "stop_name": "16th Ave SW & SW 116th St"
   },
   "type": "Feature"
  },
  {
   "geometry": {
    "coordinates": [
     -122.2732,
     47.43288
    ],
    "type": "Point"
   },
   "properties": {
    "alerts": 1,
    "pm_peak_alerts": 1,
    "routes": [
     [
      "161",
      1
     ]
    ],
    "stop_id": "52636",
    "stop_name": "S 188th St & Military Rd S"
   },
   "type": "Feature"
  },
  {
   "geometry": {
    "coordinates": [
     -122.29588,
     47.43863
    ],
    "type": "Point"
   },
   "properties": {
    "alerts": 1,
    "pm_peak_alerts": 1,
    "routes": [
     [
      "161",
      1
     ]
    ],
    "stop_id": "53501",
    "stop_name": "S 188th St & International Blvd"
   },
   "type": "Feature"
  },
  {
   "geometry": {
    "coordinates": [
     -122.16203,
     47.48856
    ],
    "type": "Point"
   },
   "properties": {
    "alerts": 1,
    "pm_peak_alerts": 1,
    "routes": [
     [
      "111",
      1
     ]
    ],
    "stop_id": "54150",
    "stop_name": "NE 4th St & Union Ave NE"
   },
   "type": "Feature"
  },
  {
   "geometry": {
    "coordinates": [
     -122.27563,
     47.46607
    ],
    "type": "Point"
   },
   "properties": {
    "alerts": 1,
    "pm_peak_alerts": 1,
    "routes": [
     [
      "F Line",
      1
     ]
    ],
    "stop_id": "54204",
    "stop_name": "Southcenter Blvd & Park Place"
   },
   "type": "Feature"
  },
  {
   "geometry": {
    "coordinates": [
     -122.18171,
     47.50702
    ],
    "type": "Point"
   },
   "properties": {
    "alerts": 1,
    "pm_peak_alerts": 1,
    "routes": [
     [
      "111",
      1
     ]
    ],
    "stop_id": "54860",
    "stop_name": "Kirkland Ave NE & NE 16th St"
   },
   "type": "Feature"
  },
  {
   "geometry": {
    "coordinates": [
     -122.26994,
     47.51904
    ],
    "type": "Point"
   },
   "properties": {
    "alerts": 1,
    "pm_peak_alerts": 1,
    "routes": [
     [
      "107",
      1
     ]
    ],
    "stop_id": "55226",
    "stop_name": "51st Ave S & S Fletcher St"
   },
   "type": "Feature"
  },
  {
   "geometry": {
    "coordinates": [
     -122.27001,
     47.51751
    ],
    "type": "Point"
   },
   "properties": {
    "alerts": 1,
    "pm_peak_alerts": 1,
    "routes": [
     [
      "107",
      1
     ]
    ],
    "stop_id": "55228",
    "stop_name": "51st Ave S & S Roxbury St"
   },
   "type": "Feature"
  },
  {
   "geometry": {
    "coordinates": [
     -122.249,
     47.49543
    ],
    "type": "Point"
   },
   "properties": {
    "alerts": 1,
    "pm_peak_alerts": 0,
    "routes": [
     [
      "107",
      1
     ]
    ],
    "stop_id": "55373",
    "stop_name": "68th Ave S & S 122nd St"
   },
   "type": "Feature"
  },
  {
   "geometry": {
    "coordinates": [
     -122.2549,
     47.492
    ],
    "type": "Point"
   },
   "properties": {
    "alerts": 1,
    "pm_peak_alerts": 1,
    "routes": [
     [
      "107",
      1
     ]
    ],
    "stop_id": "55374",
    "stop_name": "S 124th St & 67th Ave S"
   },
   "type": "Feature"
  },
  {
   "geometry": {
    "coordinates": [
     -122.26938,
     47.51673
    ],
    "type": "Point"
   },
   "properties": {
    "alerts": 1,
    "pm_peak_alerts": 1,
    "routes": [
     [
      "106",
      1
     ]
    ],
    "stop_id": "55472",
    "stop_name": "51st Ave S & Renton Ave S"
   },
   "type": "Feature"
  },
  {
   "geometry": {
    "coordinates": [
     -122.27,
     47.51818
    ],
    "type": "Point"
   },
   "properties": {
    "alerts": 1,
    "pm_peak_alerts": 0,
    "routes": [
     [
      "107",
      1
     ]
    ],
    "stop_id": "55474",
    "stop_name": "51st Ave S & S Fletcher St"
   },
   "type": "Feature"
  },
  {
   "geometry": {
    "coordinates": [
     -122.28057,
     47.53217
    ],
    "type": "Point"
   },
   "properties": {
    "alerts": 1,
    "pm_peak_alerts": 0,
    "routes": [
     [
      "106",
      1
     ]
    ],
    "stop_id": "55593",
    "stop_name": "Martin L King Jr Way S & S Webster St"
   },
   "type": "Feature"
  },
  {
   "geometry": {
    "coordinates": [
     -122.28116,
     47.53755
    ],
    "type": "Point"
   },
   "properties": {
    "alerts": 1,
    "pm_peak_alerts": 0,
    "routes": [
     [
      "106",
      1
     ]
    ],
    "stop_id": "55661",
    "stop_name": "Martin L King Jr Way S & S Myrtle St"
   },
   "type": "Feature"
  },
  {
   "geometry": {
    "coordinates": [
     -122.29324,
     47.56093
    ],
    "type": "Point"
   },
   "properties": {
    "alerts": 1,
    "pm_peak_alerts": 1,
    "routes": [
     [
      "106",
      1
     ]
    ],
    "stop_id": "55780",
    "stop_name": "Martin L King Jr Way S & S Alaska St"
   },
   "type": "Feature"
  },
  {
   "geometry": {
    "coordinates": [
     -122.21744,
     47.47379
    ],
    "type": "Point"
   },
   "properties": {
    "alerts": 1,
    "pm_peak_alerts": 0,
    "routes": [
     [
      "F Line",
      1
     ]
    ],
    "stop_id": "55927",
    "stop_name": "Lind Ave SW & SW 7th St"
   },
   "type": "Feature"
  },
  {
   "geometry": {
    "coordinates": [
     -122.29689,
     47.57669
    ],
    "type": "Point"
   },
   "properties": {
    "alerts": 1,
    "pm_peak_alerts": 0,
    "routes": [
     [
      "106",
      1
     ]
    ],
    "stop_id": "55960",
    "stop_name": "Martin L King Jr Way S & S Winthrop St"
   },
   "type": "Feature"
  },
  {
   "geometry": {
    "coordinates": [
     -122.29129,
     47.55723
    ],
    "type": "Point"
   },
   "properties": {
    "alerts": 1,
    "pm_peak_alerts": 0,
    "routes": [
     [
      "106",
      1
     ]
    ],
    "stop_id": "56061",
    "stop_name": "Martin L King Jr Way S & S Dawson St"
   },
   "type": "Feature"
  },
  {
   "geometry": {
    "coordinates": [
     -122.28248,
     47.53949
    ],
    "type": "Point"
   },
   "properties": {
    "alerts": 1,
    "pm_peak_alerts": 0,
    "routes": [
     [
      "106",
      1
     ]
    ],
    "stop_id": "56151",
    "stop_name": "Martin L King Jr Way S & S Myrtle St"
   },
   "type": "Feature"
  },
  {
   "geometry": {
    "coordinates": [
     -122.18568,
     47.51136
    ],
    "type": "Point"
   },
   "properties": {
    "alerts": 1,
    "pm_peak_alerts": 1,
    "routes": [
     [
      "111",
      1
     ]
    ],
    "stop_id": "56680",
    "stop_name": "Edmonds Ave NE & NE 23rd St"
   },
   "type": "Feature"
  },
  {
   "geometry": {
    "coordinates": [
     -122.35543,
     47.70516
    ],
    "type": "Point"
   },
   "properties": {
    "alerts": 1,
    "pm_peak_alerts": 1,
    "routes": [
     [
      "5",
      1
     ]
    ],
    "stop_id": "5710",
    "stop_name": "Greenwood Ave N & Holman Rd N"
   },
   "type": "Feature"
  },
  {
   "geometry": {
    "coordinates": [
     -122.16542,
     47.38643
    ],
    "type": "Point"
   },
   "properties": {
    "alerts": 1,
    "pm_peak_alerts": 1,
    "routes": [
     [
      "164",
      1
     ]
    ],
    "stop_id": "57119",
    "stop_name": "SE 240th St & 132nd Ave SE"
   },
   "type": "Feature"
  },
  {
   "geometry": {
    "coordinates": [
     -122.19408,
     47.38688
    ],
    "type": "Point"
   },
   "properties": {
    "alerts": 1,
    "pm_peak_alerts": 1,
    "routes": [
     [
      "164",
      1
     ]
    ],
    "stop_id": "57123",
    "stop_name": "SE 240th St & 112th Ave SE"
   },
   "type": "Feature"
  },
  {
   "geometry": {
    "coordinates": [
     -122.1655,
     47.3868
    ],
    "type": "Point"
   },
   "properties": {
    "alerts": 1,
    "pm_peak_alerts": 1,
    "routes": [
     [
      "164",
      1
     ]
    ],
    "stop_id": "57144",
    "stop_name": "132nd Ave SE & SE 245th St"
   },
   "type": "Feature"
  },
  {
   "geometry": {
    "coordinates": [
     -122.1654,
     47.37986
    ],
    "type": "Point"
   },
   "properties": {
    "alerts": 1,
    "pm_peak_alerts": 0,
    "routes": [
     [
      "164",
      1
     ]
    ],
    "stop_id": "57152",
    "stop_name": "132nd Ave SE & SE 248th St"
   },
   "type": "Feature"
  },
  {
   "geometry": {
    "coordinates": [
     -122.24642,
     47.38
    ],
    "type": "Point"
   },
   "properties": {
    "alerts": 1,
    "pm_peak_alerts": 0,
    "routes": [
     [
      "914",
      1
     ]
    ],
    "stop_id": "57175",
    "stop_name": "Access Rd & Washington Ave"
   },
   "type": "Feature"
  },
  {
   "geometry": {
    "coordinates": [
     -122.20229,
     47.37129
    ],
    "type": "Point"
   },
   "properties": {
    "alerts": 1,
    "pm_peak_alerts": 0,
    "routes": [
     [
      "914",
      1
     ]
    ],
    "stop_id": "57176",
    "stop_name": "Access Rd & W Meeker St"
   },
   "type": "Feature"
  },
  {
   "geometry": {
    "coordinates": [
     -122.23014,
     47.3815
    ],
    "type": "Point"
   },
   "properties": {
    "alerts": 1,
    "pm_peak_alerts": 0,
    "routes": [
     [
      "914",
      1
     ]
    ],
    "stop_id": "57182",
    "stop_name": "State Ave N & E Ward St"
   },
   "type": "Feature"
  },
  {
   "geometry": {
    "coordinates": [
     -122.23586,
     47.38081
    ],
    "type": "Point"
   },
   "properties": {
    "alerts": 1,
    "pm_peak_alerts": 0,
    "routes": [
     [
      "914",
      1
     ]
    ],
    "stop_id": "57191",
    "stop_name": "W Meeker St & 1st Ave S"
   },
   "type": "Feature"
  },
  {
   "geometry": {
    "coordinates": [
     -122.19704,
     47.41772
    ],
    "type": "Point"
   },
   "properties": {
    "alerts": 1,
    "pm_peak_alerts": 1,
    "routes": [
     [
      "160",
      1
     ]
    ],
    "stop_id": "57220",
    "stop_name": "108th Ave SE & SE 204th St"
   },
   "type": "Feature"
  },
  {
   "geometry": {
    "coordinates": [
     -122.20232,
     47.38088
    ],
    "type": "Point"
   },
   "properties": {
    "alerts": 1,
    "pm_peak_alerts": 0,
    "routes": [
     [
      "160",
      1
     ]
    ],
    "stop_id": "57407",
    "stop_name": "104th Ave SE & SE 248th St"
   },
   "type": "Feature"
  },
  {
   "geometry": {
    "coordinates": [
     -122.23238,
     47.38401
    ],
    "type": "Point"
   },
   "properties": {
    "alerts": 1,
    "pm_peak_alerts": 1,
    "routes": [
     [
      "164",
      1
     ]
    ],
    "stop_id": "57452",
    "stop_name": "Kent Sounder Station - Bay 2"
   },
   "type": "Feature"
  },
  {
   "geometry": {
    "coordinates": [
     -122.24263,
     47.37805
    ],
    "type": "Point"
   },
   "properties": {
    "alerts": 1,
    "pm_peak_alerts": 1,
    "routes": [
     [
      "566",
      1
     ]
    ],
    "stop_id": "57892",
    "stop_name": "Auburn Park And Ride - Bay 1"
   },
   "type": "Feature"
  },
  {
   "geometry": {
    "coordinates": [
     -122.22147,
     47.32083
    ],
    "type": "Point"
   },
   "properties": {
    "alerts": 1,
    "pm_peak_alerts": 0,
    "routes": [
     [
      "160",
      1
     ]
    ],
    "stop_id": "57901",
    "stop_name": "Auburn Way N & 15th St NE"
   },
   "type": "Feature"
  },
  {
   "geometry": {
    "coordinates": [
     -122.28133,
     47.41839
    ],
    "type": "Point"
   },
   "properties": {
    "alerts": 1,
    "pm_peak_alerts": 1,
    "routes": [
     [
      "161",
      1
     ]
    ],
    "stop_id": "58061",
    "stop_name": "S 212th St & 42nd Ave S"
   },
   "type": "Feature"
  },
  {
   "geometry": {
    "coordinates": [
     -122.22797,
     47.41169
    ],
    "type": "Point"
   },
   "properties": {
    "alerts": 1,
    "pm_peak_alerts": 1,
    "routes": [
     [
      "161",
      1
     ]
    ],
    "stop_id": "58081",
    "stop_name": "S 212th St & 84th Ave S"
   },
   "type": "Feature"
  },
  {
   "geometry": {
    "coordinates": [
     -122.25465,
     47.41214
    ],
    "type": "Point"
   },
   "properties": {
    "alerts": 1,
    "pm_peak_alerts": 0,
    "routes": [
     [
      "161",
      1
     ]
    ],
    "stop_id": "58084",
    "stop_name": "S 212th St & 64th Ave S"
   },
   "type": "Feature"
  },
  {
   "geometry": {
    "coordinates": [
     -122.24928,
     47.42653
    ],
    "type": "Point"
   },
   "properties": {
    "alerts": 1,
    "pm_peak_alerts": 0,
    "routes": [
     [
      "150",
      1
     ]
    ],
    "stop_id": "58086",
    "stop_name": "68th Ave S & S 196th St"
   },
   "type": "Feature"
  },
  {
   "geometry": {
    "coordinates": [
     -122.2487,
     47.46568
    ],
    "type": "Point"
   },
   "properties": {
    "alerts": 1,
    "pm_peak_alerts": 0,
    "routes": [
     [
      "150",
      1
     ]
    ],
    "stop_id": "58112",
    "stop_name": "Southcenter Blvd & 65th Ave S"
   },
   "type": "Feature"
  },
  {
   "geometry": {
    "coordinates": [
     -122.24935,
     47.42709
    ],
    "type": "Point"
   },
   "properties": {
    "alerts": 1,
    "pm_peak_alerts": 0,
    "routes": [
     [
      "150",
      1
     ]
    ],
    "stop_id": "58140",
    "stop_name": "68th Ave S & S 196th St"
   },
   "type": "Feature"
  },
  {
   "geometry": {
    "coordinates": [
     -122.23073,
     47.38535
    ],
    "type": "Point"
   },
   "properties": {
    "alerts": 1,
    "pm_peak_alerts": 1,
    "routes": [
     [
      "164",
      1
     ]
    ],
    "stop_id": "58144",
    "stop_name": "Central Ave N & E James St"
   },
   "type": "Feature"
  },
  {
   "geometry": {
    "coordinates": [
     -122.22742,
     47.35159
    ],
    "type": "Point"
   },
   "properties": {
    "alerts": 1,
    "pm_peak_alerts": 0,
    "routes": [
     [
      "160",
      1
     ]
    ],
    "stop_id": "58230",
    "stop_name": "Auburn Way N & 85th Ave S"
   },
   "type": "Feature"
  },
  {
   "geometry": {
    "coordinates": [
     -122.25436,
     47.45684
    ],
    "type": "Point"
   },
   "properties": {
    "alerts": 1,
    "pm_peak_alerts": 1,
    "routes": [
     [
      "150",
      1
     ]
    ],
    "stop_id": "59316",
    "stop_name": "Andover Park W & Baker Blvd - Bay 4"
   },
   "type": "Feature"
  },
  {
   "geometry": {
    "coordinates": [
     -122.16414,
     47.44628
    ],
    "type": "Point"
   },
   "properties": {
    "alerts": 1,
    "pm_peak_alerts": 1,
    "routes": [
     [
      "102",
      1
     ]
    ],
    "stop_id": "59555",
    "stop_name": "SE Petrovitsky Rd & 134th Ave SE"
   },
   "type": "Feature"
  },
  {
   "geometry": {
    "coordinates": [
     -122.35395,
     47.66476
    ],
    "type": "Point"
   },
   "properties": {
    "alerts": 1,
    "pm_peak_alerts": 1,
    "routes": [
     [
      "5",
      1
     ]
    ],
    "stop_id": "5960",
    "stop_name": "Phinney Ave N & N 50th St"
   },
   "type": "Feature"
  },
  {
   "geometry": {
    "coordinates": [
     -122.22329,
     47.47326
    ],
    "type": "Point"
   },
   "properties": {
    "alerts": 1,
    "pm_peak_alerts": 1,
    "routes": [
     [
      "F Line",
      1
     ]
    ],
    "stop_id": "59860",
    "stop_name": "Rainier Ave S & S 7th St"
   },
   "type": "Feature"
  },
  {
   "geometry": {
    "coordinates": [
     -122.24132,
     47.46039
    ],
    "type": "Point"
   },
   "properties": {
    "alerts": 1,
    "pm_peak_alerts": 0,
    "routes": [
     [
      "F Line",
      1
     ]
    ],
    "stop_id": "59881",
    "stop_name": "Tukwila Station Acs & S Longacres Way - Bay 1"
   },
   "type": "Feature"
  },
  {
   "geometry": {
    "coordinates": [
     -122.21407,
     47.47191
    ],
    "type": "Point"
   },
   "properties": {
    "alerts": 1,
    "pm_peak_alerts": 0,
    "routes": [
     [
      "160",
      1
     ]
    ],
    "stop_id": "59902",
    "stop_name": "S 7th St & Rainier Ave S"
   },
   "type": "Feature"
  },
  {
   "geometry": {
    "coordinates": [
     -122.16541,
     47.37148
    ],
    "type": "Point"
   },
   "properties": {
    "alerts": 1,
    "pm_peak_alerts": 1,
    "routes": [
     [
      "164",
      1
     ]
    ],
    "stop_id": "60450",
    "stop_name": "132nd Ave SE & SE 256th St"
   },
   "type": "Feature"
  },
  {
   "geometry": {
    "coordinates": [
     -122.16546,
     47.35798
    ],
    "type": "Point"
   },
   "properties": {
    "alerts": 1,
    "pm_peak_alerts": 0,
    "routes": [
     [
      "164",
      1
     ]
    ],
    "stop_id": "60482",
    "stop_name": "132nd Ave SE & SE Kent-Kangley Rd"
   },
   "type": "Feature"
  },
  {
   "geometry": {
    "coordinates": [
     -122.16545,
     47.35746
    ],
    "type": "Point"
   },
   "properties": {
    "alerts": 1,
    "pm_peak_alerts": 1,
    "routes": [
     [
      "164",
      1
     ]
    ],
    "stop_id": "60502",
    "stop_name": "132nd Ave SE & SE Kent-Kangley Rd"
   },
   "type": "Feature"
  },
  {
   "geometry": {
    "coordinates": [
     -122.31226,
     47.34527
    ],
    "type": "Point"
   },
   "properties": {
    "alerts": 1,
    "pm_peak_alerts": 0,
    "routes": [
     [
      "A Line",
      1
     ]
    ],
    "stop_id": "60729",
    "stop_name": "Pacific Hwy S & S 283rd St"
   },
   "type": "Feature"
  },
  {
   "geometry": {
    "coordinates": [
     -122.30856,
     47.35937
    ],
    "type": "Point"
   },
   "properties": {
    "alerts": 1,
    "pm_peak_alerts": 0,
    "routes": [
     [
      "A Line",
      1
     ]
    ],
    "stop_id": "60752",
    "stop_name": "Pacific Hwy S & S 268th St"
   },
   "type": "Feature"
  },
  {
   "geometry": {
    "coordinates": [
     -122.29801,
     47.38009
    ],
    "type": "Point"
   },
   "properties": {
    "alerts": 1,
    "pm_peak_alerts": 0,
    "routes": [
     [
      "A Line",
      1
     ]
    ],
    "stop_id": "60790",
    "stop_name": "Pacific Hwy S & S 246th St"
   },
   "type": "Feature"
  },
  {
   "geometry": {
    "coordinates": [
     -122.29478,
     47.39384
    ],
    "type": "Point"
   },
   "properties": {
    "alerts": 1,
    "pm_peak_alerts": 0,
    "routes": [
     [
      "A Line",
      1
     ]
    ],
    "stop_id": "60800",
    "stop_name": "Pacific Hwy S & Kent Des Moines Rd"
   },
   "type": "Feature"
  },
  {
   "geometry": {
    "coordinates": [
     -122.29831,
     47.40652
    ],
    "type": "Point"
   },
   "properties": {
    "alerts": 1,
    "pm_peak_alerts": 0,
    "routes": [
     [
      "A Line",
      1
     ]
    ],
    "stop_id": "60830",
    "stop_name": "International Blvd & S 216th St"
   },
   "type": "Feature"
  },
  {
   "geometry": {
    "coordinates": [
     -122.29595,
     47.44217
    ],
    "type": "Point"
   },
   "properties": {
    "alerts": 1,
    "pm_peak_alerts": 0,
    "routes": [
     [
      "A Line",
      1
     ]
    ],
    "stop_id": "60890",
    "stop_name": "International Blvd & S 180th St"
   },
   "type": "Feature"
  },
  {
   "geometry": {
    "coordinates": [
     -122.29633,
     47.42352
    ],
    "type": "Point"
   },
   "properties": {
    "alerts": 1,
    "pm_peak_alerts": 0,
    "routes": [
     [
      "A Line",
      1
     ]
    ],
    "stop_id": "61120",
    "stop_name": "International Blvd & S 200th St"
   },
   "type": "Feature"
  },
  {
   "geometry": {
    "coordinates": [
     -122.29843,
     47.4078
    ],
    "type": "Point"
   },
   "properties": {
    "alerts": 1,
    "pm_peak_alerts": 0,
    "routes": [
     [
      "A Line",
      1
     ]
    ],
    "stop_id": "61170",
    "stop_name": "Pacific Hwy S & S 224th St"
   },
   "type": "Feature"
  },
  {
   "geometry": {
    "coordinates": [
     -122.29628,
     47.38746
    ],
    "type": "Point"
   },
   "properties": {
    "alerts": 1,
    "pm_peak_alerts": 0,
    "routes": [
     [
      "A Line",
      1
     ]
    ],
    "stop_id": "61180",
    "stop_name": "Pacific Hwy S & S 240th St"
   },
   "type": "Feature"
  },
  {
   "geometry": {
    "coordinates": [
     -122.30392,
     47.3685
    ],
    "type": "Point"
   },
   "properties": {
    "alerts": 1,
    "pm_peak_alerts": 1,
    "routes": [
     [
      "A Line",
      1
     ]
    ],
    "stop_id": "61220",
    "stop_name": "Pacific Hwy S & S 260th St"
   },
   "type": "Feature"
  },
  {
   "geometry": {
    "coordinates": [
     -122.30459,
     47.36734
    ],
    "type": "Point"
   },
   "properties": {
    "alerts": 1,
    "pm_peak_alerts": 1,
    "routes": [
     [
      "A Line",
      1
     ]
    ],
    "stop_id": "61230",
    "stop_name": "Pacific Hwy S & S 268th St"
   },
   "type": "Feature"
  },
  {
   "geometry": {
    "coordinates": [
     -122.34122,
     47.61644
    ],
    "type": "Point"
   },
   "properties": {
    "alerts": 1,
    "pm_peak_alerts": 1,
    "routes": [
     [
      "62",
      1
     ]
    ],
    "stop_id": "6220",
    "stop_name": "7th Ave & Blanchard St"
   },
   "type": "Feature"
  },
  {
   "geometry": {
    "coordinates": [
     -122.23046,
     47.3833
    ],
    "type": "Point"
   },
   "properties": {
    "alerts": 1,
    "pm_peak_alerts": 0,
    "routes": [
     [
      "160",
      1
     ]
    ],
    "stop_id": "62213",
    "stop_name": "E Smith St & State Ave N"
   },
   "type": "Feature"
  },
  {
   "geometry": {
    "coordinates": [
     -122.22762,
     47.38295
    ],
    "type": "Point"
   },
   "properties": {
    "alerts": 1,
    "pm_peak_alerts": 0,
    "routes": [
     [
      "914",
      1
     ]
    ],
    "stop_id": "62220",
    "stop_name": "Canyon Dr SE & E Titus St"
   },
   "type": "Feature"
  },
  {
   "geometry": {
    "coordinates": [
     -122.10825,
     47.35813
    ],
    "type": "Point"
   },
   "properties": {
    "alerts": 1,
    "pm_peak_alerts": 1,
    "routes": [
     [
      "168",
      1
     ]
    ],
    "stop_id": "62301",
    "stop_name": "SE Wax Rd & 176th Pl SE"
   },
   "type": "Feature"
  },
  {
   "geometry": {
    "coordinates": [
     -122.34239,
     47.61954
    ],
    "type": "Point"
   },
   "properties": {
    "alerts": 1,
    "pm_peak_alerts": 1,
    "routes": [
     [
      "62",
      1
     ]
    ],
    "stop_id": "6240",
    "stop_name": "Dexter Ave N & Denny Way"
   },
   "type": "Feature"
  },
  {
   "geometry": {
    "coordinates": [
     -122.32895,
     47.5999
    ],
    "type": "Point"
   },
   "properties": {
    "alerts": 1,
    "pm_peak_alerts": 0,
    "routes": [
     [
      "150",
      1
     ]
    ],
    "stop_id": "640",
    "stop_name": "4th Ave & James St"
   },
   "type": "Feature"
  },
  {
   "geometry": {
    "coordinates": [
     -122.17067,
     47.56532
    ],
    "type": "Point"
   },
   "properties": {
    "alerts": 1,
    "pm_peak_alerts": 0,
    "routes": [
     [
      "240",
      1
     ]
    ],
    "stop_id": "64790",
    "stop_name": "Factoria Blvd SE & Coal Creek Pkwy SE"
   },
   "type": "Feature"
  },
  {
   "geometry": {
    "coordinates": [
     -122.35426,
     47.66603
    ],
    "type": "Point"
   },
   "properties": {
    "alerts": 1,
    "pm_peak_alerts": 0,
    "routes": [
     [
      "5",
      1
     ]
    ],
    "stop_id": "6480",
    "stop_name": "Phinney Ave N & N 53rd St"
   },
   "type": "Feature"
  },
  {
   "geometry": {
    "coordinates": [
     -122.1661,
     47.53774
    ],
    "type": "Point"
   },
   "properties": {
    "alerts": 1,
    "pm_peak_alerts": 0,
    "routes": [
     [
      "240",
      1
     ]
    ],
    "stop_id": "65252",
    "stop_name": "Newcastle Way & Coal Creek Pkwy SE"
   },
   "type": "Feature"
  },
  {
   "geometry": {
    "coordinates": [
     -122.15366,
     47.58025
    ],
    "type": "Point"
   },
   "properties": {
    "alerts": 1,
    "pm_peak_alerts": 0,
    "routes": [
     [
      "240",
      1
     ]
    ],
    "stop_id": "65322",
    "stop_name": "SE Eastgate Way & 139th Ave SE"
   },
   "type": "Feature"
  },
  {
   "geometry": {
    "coordinates": [
     -122.16507,
     47.53764
    ],
    "type": "Point"
   },
   "properties": {
    "alerts": 1,
    "pm_peak_alerts": 0,
    "routes": [
     [
      "240",
      1
     ]
    ],
    "stop_id": "65400",
    "stop_name": "Newcastle Way & 129th Ave SE"
   },
   "type": "Feature"
  },
  {
   "geometry": {
    "coordinates": [
     -122.17913,
     47.56693
    ],
    "type": "Point"
   },
   "properties": {
    "alerts": 1,
    "pm_peak_alerts": 0,
    "routes": [
     [
      "240",
      1
     ]
    ],
    "stop_id": "65520",
    "stop_name": "119th Ave SE & SE 52nd St"
   },
   "type": "Feature"
  },
  {
   "geometry": {
    "coordinates": [
     -122.35482,
     47.67817
    ],
    "type": "Point"
   },
   "properties": {
    "alerts": 1,
    "pm_peak_alerts": 1,
    "routes": [
     [
      "5",
      1
     ]
    ],
    "stop_id": "6565",
    "stop_name": "Greenwood Ave N & N 68th St"
   },
   "type": "Feature"
  },
  {
   "geometry": {
    "coordinates": [
     -122.35529,
     47.68237
    ],
    "type": "Point"
   },
   "properties": {
    "alerts": 1,
    "pm_peak_alerts": 1,
    "routes": [
     [
      "5",
      1
     ]
    ],
    "stop_id": "6580",
    "stop_name": "Greenwood Ave N & N 72nd St"
   },
   "type": "Feature"
  },
  {
   "geometry": {
    "coordinates": [
     -122.3553,
     47.68227
    ],
    "type": "Point"
   },
   "properties": {
    "alerts": 1,
    "pm_peak_alerts": 0,
    "routes": [
     [
      "5",
      1
     ]
    ],
    "stop_id": "6590",
    "stop_name": "Greenwood Ave N & N 75th St"
   },
   "type": "Feature"
  },
  {
   "geometry": {
    "coordinates": [
     -122.12161,
     47.62949
    ],
    "type": "Point"
   },
   "properties": {
    "alerts": 1,
    "pm_peak_alerts": 1,
    "routes": [
     [
      "226",
      1
     ]
    ],
    "stop_id": "66730",
    "stop_name": "164th Ave NE & NE 20th St"
   },
   "type": "Feature"
  },
  {
   "geometry": {
    "coordinates": [
     -122.15173,
     47.58031
    ],
    "type": "Point"
   },
   "properties": {
    "alerts": 1,
    "pm_peak_alerts": 1,
    "routes": [
     [
      "240",
      1
     ]
    ],
    "stop_id": "67015",
    "stop_name": "Eastgate Park & Ride Acs & 140th Ave SE - Bay 2"
   },
   "type": "Feature"
  },
  {
   "geometry": {
    "coordinates": [
     -122.15107,
     47.5789
    ],
    "type": "Point"
   },
   "properties": {
    "alerts": 1,
    "pm_peak_alerts": 0,
    "routes": [
     [
      "240",
      1
     ]
    ],
    "stop_id": "67021",
    "stop_name": "142nd Pl SE & SE 36th St"
   },
   "type": "Feature"
  },
  {
   "geometry": {
    "coordinates": [
     -122.15325,
     47.58074
    ],
    "type": "Point"
   },
   "properties": {
    "alerts": 1,
    "pm_peak_alerts": 0,
    "routes": [
     [
      "240",
      1
     ]
    ],
    "stop_id": "67022",
    "stop_name": "142nd Pl SE & SE 32nd St"
   },
   "type": "Feature"
  },
  {
   "geometry": {
    "coordinates": [
     -122.15314,
     47.61713
    ],
    "type": "Point"
   },
   "properties": {
    "alerts": 1,
    "pm_peak_alerts": 1,
    "routes": [
     [
      "B Line",
      1
     ]
    ],
    "stop_id": "68160",
    "stop_name": "NE 8th St & 143rd Ave NE"
   },
   "type": "Feature"
  },
  {
   "geometry": {
    "coordinates": [
     -122.1324,
     47.62227
    ],
    "type": "Point"
   },
   "properties": {
    "alerts": 1,
    "pm_peak_alerts": 0,
    "routes": [
     [
      "245",
      1
     ]
    ],
    "stop_id": "68420",
    "stop_name": "156th Ave NE & NE 15th Pl"
   },
   "type": "Feature"
  },
  {
   "geometry": {
    "coordinates": [
     -122.13235,
     47.63488
    ],
    "type": "Point"
   },
   "properties": {
    "alerts": 1,
    "pm_peak_alerts": 1,
    "routes": [
     [
      "B Line",
      1
     ]
    ],
    "stop_id": "68784",
    "stop_name": "156th Ave NE & NE 28th St"
   },
   "type": "Feature"
  },
  {
   "geometry": {
    "coordinates": [
     -122.33467,
     47.60802
    ],
    "type": "Point"
   },
   "properties": {
    "alerts": 1,
    "pm_peak_alerts": 0,
    "routes": [
     [
      "545",
      1
     ]
    ],
    "stop_id": "691",
    "stop_name": "4th Ave & Union St"
   },
   "type": "Feature"
  },
  {
   "geometry": {
    "coordinates": [
     -122.33701,
     47.61058
    ],
    "type": "Point"
   },
   "properties": {
    "alerts": 1,
    "pm_peak_alerts": 0,
    "routes": [
     [
      "545",
      1
     ]
    ],
    "stop_id": "700",
    "stop_name": "4th Ave & Pike St"
   },
   "type": "Feature"
  },
  {
   "geometry": {
    "coordinates": [
     -122.20823,
     47.71012
    ],
    "type": "Point"
   },
   "properties": {
    "alerts": 1,
    "pm_peak_alerts": 0,
    "routes": [
     [
      "255",
      1
     ]
    ],
    "stop_id": "70150",
    "stop_name": "100th Ave NE & NE 124th St"
   },
   "type": "Feature"
  },
  {
   "geometry": {
    "coordinates": [
     -122.2048,
     47.6771
    ],
    "type": "Point"
   },
   "properties": {
    "alerts": 1,
    "pm_peak_alerts": 1,
    "routes": [
     [
      "255",
      1
     ]
    ],
    "stop_id": "70420",
    "stop_name": "Market St & 4th Ave"
   },
   "type": "Feature"
  },
  {
   "geometry": {
    "coordinates": [
     -122.20967,
     47.68443
    ],
    "type": "Point"
   },
   "properties": {
    "alerts": 1,
    "pm_peak_alerts": 1,
    "routes": [
     [
      "255",
      1
     ]
    ],
    "stop_id": "70460",
    "stop_name": "Market St & 12th Ave"
   },
   "type": "Feature"
  },
  {
   "geometry": {
    "coordinates": [
     -122.21,
     47.69294
    ],
    "type": "Point"
   },
   "properties": {
    "alerts": 1,
    "pm_peak_alerts": 1,
    "routes": [
     [
      "255",
      1
     ]
    ],
    "stop_id": "70500",
    "stop_name": "Market St & 20th Ave"
   },
   "type": "Feature"
  },
  {
   "geometry": {
    "coordinates": [
     -122.19686,
     47.67597
    ],
    "type": "Point"
   },
   "properties": {
    "alerts": 1,
    "pm_peak_alerts": 0,
    "routes": [
     [
      "255",
      1
     ]
    ],
    "stop_id": "70676",
    "stop_name": "6th St & Kirkland Way"
   },
   "type": "Feature"
  },
  {
   "geometry": {
    "coordinates": [
     -122.34461,
     47.69801
    ],
    "type": "Point"
   },
   "properties": {
    "alerts": 1,
    "pm_peak_alerts": 0,
    "routes": [
     [
      "E Line",
      1
     ]
    ],
    "stop_id": "7120",
    "stop_name": "Aurora Ave N & N 95th St"
   },
   "type": "Feature"
  },
  {
   "geometry": {
    "coordinates": [
     -122.13336,
     47.64567
    ],
    "type": "Point"
   },
   "properties": {
    "alerts": 1,
    "pm_peak_alerts": 0,
    "routes": [
     [
      "B Line",
      1
     ]
    ],
    "stop_id": "71329",
    "stop_name": "NE 40th St & 152nd Ave NE"
   },
   "type": "Feature"
  },
  {
   "geometry": {
    "coordinates": [
     -122.17704,
     47.63148
    ],
    "type": "Point"
   },
   "properties": {
    "alerts": 1,
    "pm_peak_alerts": 0,
    "routes": [
     [
      "545",
      1
     ]
    ],
    "stop_id": "71356",
    "stop_name": "Sr 520 & 92nd Avenue Northeast"
   },
   "type": "Feature"
  },
  {
   "geometry": {
    "coordinates": [
     -122.34459,
     47.69387
    ],
    "type": "Point"
   },
   "properties": {
    "alerts": 1,
    "pm_peak_alerts": 0,
    "routes": [
     [
      "E Line",
      1
     ]
    ],
    "stop_id": "7140",
    "stop_name": "Aurora Ave N & N 90th St"
   },
   "type": "Feature"
  },
  {
   "geometry": {
    "coordinates": [
     -122.109,
     47.67023
    ],
    "type": "Point"
   },
   "properties": {
    "alerts": 1,
    "pm_peak_alerts": 0,
    "routes": [
     [
      "545",
      1
     ]
    ],
    "stop_id": "72306",
    "stop_name": "NE 76th St & 177th Pl NE"
   },
   "type": "Feature"
  },
  {
   "geometry": {
    "coordinates": [
     -122.13912,
     47.65462
    ],
    "type": "Point"
   },
   "properties": {
    "alerts": 1,
    "pm_peak_alerts": 1,
    "routes": [
     [
      "245",
      1
     ]
    ],
    "stop_id": "73419",
    "stop_name": "NE 51st St & Sr 520"
   },
   "type": "Feature"
  },
  {
   "geometry": {
    "coordinates": [
     -122.34219,
     47.66043
    ],
    "type": "Point"
   },
   "properties": {
    "alerts": 1,
    "pm_peak_alerts": 0,
    "routes": [
     [
      "62",
      1
     ]
    ],
    "stop_id": "7360",
    "stop_name": "Stone Way N & N 43rd St"
   },
   "type": "Feature"
  },
  {
   "geometry": {
    "coordinates": [
     -122.20499,
     47.67694
    ],
    "type": "Point"
   },
   "properties": {
    "alerts": 1,
    "pm_peak_alerts": 0,
    "routes": [
     [
      "255",
      1
     ]
    ],
    "stop_id": "73814",
    "stop_name": "Kirkland Transit Center - Bay 2"
   },
   "type": "Feature"
  },
  {
   "geometry": {
    "coordinates": [
     -122.34251,
     47.65376
    ],
    "type": "Point"
   },
   "properties": {
    "alerts": 1,
    "pm_peak_alerts": 0,
    "routes": [
     [
      "62",
      1
     ]
    ],
    "stop_id": "7382",
    "stop_name": "Stone Way N & N 38th St"
   },
   "type": "Feature"
  },
  {
   "geometry": {
    "coordinates": [
     -122.13444,
     47.67826
    ],
    "type": "Point"
   },
   "properties": {
    "alerts": 1,
    "pm_peak_alerts": 0,
    "routes": [
     [
      "545",
      1
     ]
    ],
    "stop_id": "73848",
    "stop_name": "NE 85th St & 154th Ave NE"
   },
   "type": "Feature"
  },
  {
   "geometry": {
    "coordinates": [
     -122.14285,
     47.682
    ],
    "type": "Point"
   },
   "properties": {
    "alerts": 1,
    "pm_peak_alerts": 1,
    "routes": [
     [
      "B Line",
      1
     ]
    ],
    "stop_id": "73872",
    "stop_name": "NE 90th St & 154th Ave NE"
   },
   "type": "Feature"
  },
  {
   "geometry": {
    "coordinates": [
     -122.18863,
     47.71118
    ],
    "type": "Point"
   },
   "properties": {
    "alerts": 1,
    "pm_peak_alerts": 0,
    "routes": [
     [
      "255",
      1
     ]
    ],
    "stop_id": "74071",
    "stop_name": "NE 124th St & 113th Ave NE"
   },
   "type": "Feature"
  },
  {
   "geometry": {
    "coordinates": [
     -122.19624,
     47.66654
    ],
    "type": "Point"
   },
   "properties": {
    "alerts": 1,
    "pm_peak_alerts": 1,
    "routes": [
     [
      "255",
      1
     ]
    ],
    "stop_id": "74395",
    "stop_name": "108th Ave NE & NE 68th St"
   },
   "type": "Feature"
  },
  {
   "geometry": {
    "coordinates": [
     -122.1962,
     47.66199
    ],
    "type": "Point"
   },
   "properties": {
    "alerts": 1,
    "pm_peak_alerts": 0,
    "routes": [
     [
      "255",
      1
     ]
    ],
    "stop_id": "74396",
    "stop_name": "108th Ave NE & NE 62nd St"
   },
   "type": "Feature"
  },
  {
   "geometry": {
    "coordinates": [
     -122.19511,
     47.64642
    ],
    "type": "Point"
   },
   "properties": {
    "alerts": 1,
    "pm_peak_alerts": 0,
    "routes": [
     [
      "255",
      1
     ]
    ],
    "stop_id": "74441",
    "stop_name": "108th Ave NE & NE 39th St"
   },
   "type": "Feature"
  },
  {
   "geometry": {
    "coordinates": [
     -122.34247,
     47.65468
    ],
    "type": "Point"
   },
   "properties": {
    "alerts": 1,
    "pm_peak_alerts": 0,
    "routes": [
     [
      "62",
      1
     ]
    ],
    "stop_id": "7500",
    "stop_name": "Stone Way N & N 40th St"
   },
   "type": "Feature"
  },
  {
   "geometry": {
    "coordinates": [
     -122.30483,
     47.65463
    ],
    "type": "Point"
   },
   "properties": {
    "alerts": 1,
    "pm_peak_alerts": 1,
    "routes": [
     [
      "67",
      1
     ]
    ],
    "stop_id": "75403",
    "stop_name": "East Stevens Way NE & Benton Ln"
   },
   "type": "Feature"
  },
  {
   "geometry": {
    "coordinates": [
     -122.30465,
     47.6567
    ],
    "type": "Point"
   },
   "properties": {
    "alerts": 1,
    "pm_peak_alerts": 0,
    "routes": [
     [
      "75",
      1
     ]
    ],
    "stop_id": "75410",
    "stop_name": "Stevens Way & Pend Oreille Rd"
   },
   "type": "Feature"
  },
  {
   "geometry": {
    "coordinates": [
     -122.34611,
     47.76292
    ],
    "type": "Point"
   },
   "properties": {
    "alerts": 1,
    "pm_peak_alerts": 1,
    "routes": [
     [
      "E Line",
      1
     ]
    ],
    "stop_id": "75740",
    "stop_name": "Aurora Ave N & N 185th St"
   },
   "type": "Feature"
  },
  {
   "geometry": {
    "coordinates": [
     -122.34534,
     47.7394
    ],
    "type": "Point"
   },
   "properties": {
    "alerts": 1,
    "pm_peak_alerts": 0,
    "routes": [
     [
      "E Line",
      1
     ]
    ],
    "stop_id": "75810",
    "stop_name": "Aurora Ave N & N 152nd St"
   },
   "type": "Feature"
  },
  {
   "geometry": {
    "coordinates": [
     -122.34548,
     47.75209
    ],
    "type": "Point"
   },
   "properties": {
    "alerts": 1,
    "pm_peak_alerts": 1,
    "routes": [
     [
      "E Line",
      1
     ]
    ],
    "stop_id": "75870",
    "stop_name": "Aurora Ave N & N 170th St"
   },
   "type": "Feature"
  },
  {
   "geometry": {
    "coordinates": [
     -122.34554,
     47.75431
    ],
    "type": "Point"
   },
   "properties": {
    "alerts": 1,
    "pm_peak_alerts": 0,
    "routes": [
     [
      "E Line",
      1
     ]
    ],
    "stop_id": "75881",
    "stop_name": "Aurora Ave N & N 175th St"
   },
   "type": "Feature"
  },
  {
   "geometry": {
    "coordinates": [
     -122.34589,
     47.76323
    ],
    "type": "Point"
   },
   "properties": {
    "alerts": 1,
    "pm_peak_alerts": 1,
    "routes": [
     [
      "E Line",
      1
     ]
    ],
    "stop_id": "75901",
    "stop_name": "Aurora Ave N & N 185th St"
   },
   "type": "Feature"
  },
  {
   "geometry": {
    "coordinates": [
     -122.34586,
     47.76896
    ],
    "type": "Point"
   },
   "properties": {
    "alerts": 1,
    "pm_peak_alerts": 1,
    "routes": [
     [
      "E Line",
      1
     ]
    ],
    "stop_id": "75910",
    "stop_name": "Aurora Ave N & N 192nd St"
   },
   "type": "Feature"
  },
  {
   "geometry": {
    "coordinates": [
     -122.29422,
     47.72103
    ],
    "type": "Point"
   },
   "properties": {
    "alerts": 1,
    "pm_peak_alerts": 0,
    "routes": [
     [
      "72",
      1
     ]
    ],
    "stop_id": "76710",
    "stop_name": "Lake City Way NE & NE 125th St"
   },
   "type": "Feature"
  },
  {
   "geometry": {
    "coordinates": [
     -122.34479,
     47.71177
    ],
    "type": "Point"
   },
   "properties": {
    "alerts": 1,
    "pm_peak_alerts": 1,
    "routes": [
     [
      "E Line",
      1
     ]
    ],
    "stop_id": "7850",
    "stop_name": "Aurora Ave N & N 115th St"
   },
   "type": "Feature"
  },
  {
   "geometry": {
    "coordinates": [
     -122.33633,
     47.61146
    ],
    "type": "Point"
   },
   "properties": {
    "alerts": 1,
    "pm_peak_alerts": 1,
    "routes": [
     [
      "545",
      1
     ]
    ],
    "stop_id": "790",
    "stop_name": "5th Ave & Seneca St"
   },
   "type": "Feature"
  },
  {
   "geometry": {
    "coordinates": [
     -122.24683,
     47.38671
    ],
    "type": "Point"
   },
   "properties": {
    "alerts": 1,
    "pm_peak_alerts": 0,
    "routes": [
     [
      "164",
      1
     ]
    ],
    "stop_id": "79215",
    "stop_name": "W Smith St & 6th Ave N"
   },
   "type": "Feature"
  },
  {
   "geometry": {
    "coordinates": [
     -122.24937,
     47.4263
    ],
    "type": "Point"
   },
   "properties": {
    "alerts": 1,
    "pm_peak_alerts": 1,
    "routes": [
     [
      "150",
      1
     ]
    ],
    "stop_id": "79239",
    "stop_name": "68th Ave S & S 204th St"
   },
   "type": "Feature"
  },
  {
   "geometry": {
    "coordinates": [
     -122.24943,
     47.41438
    ],
    "type": "Point"
   },
   "properties": {
    "alerts": 1,
    "pm_peak_alerts": 1,
    "routes": [
     [
      "150",
      1
     ]
    ],
    "stop_id": "79240",
    "stop_name": "68th Ave S & S 212th St"
   },
   "type": "Feature"
  },
  {
   "geometry": {
    "coordinates": [
     -122.21719,
     47.48067
    ],
    "type": "Point"
   },
   "properties": {
    "alerts": 1,
    "pm_peak_alerts": 0,
    "routes": [
     [
      "101",
      1
     ]
    ],
    "stop_id": "79520",
    "stop_name": "SW Sunset Blvd & Rainier Ave S"
   },
   "type": "Feature"
  },
  {
   "geometry": {
    "coordinates": [
     -122.32747,
     47.57198
    ],
    "type": "Point"
   },
   "properties": {
    "alerts": 1,
    "pm_peak_alerts": 1,
    "routes": [
     [
      "102",
      1
     ]
    ],
    "stop_id": "79570",
    "stop_name": "Martin L King Jr Way S & S 129th St"
   },
   "type": "Feature"
  },
  {
   "geometry": {
    "coordinates": [
     -122.16922,
     47.57779
    ],
    "type": "Point"
   },
   "properties": {
    "alerts": 1,
    "pm_peak_alerts": 0,
    "routes": [
     [
      "240",
      1
     ]
    ],
    "stop_id": "79868",
    "stop_name": "Factoria Blvd SE & SE 38th St"
   },
   "type": "Feature"
  },
  {
   "geometry": {
    "coordinates": [
     -122.15102,
     47.58157
    ],
    "type": "Point"
   },
   "properties": {
    "alerts": 1,
    "pm_peak_alerts": 0,
    "routes": [
     [
      "240",
      1
     ]
    ],
    "stop_id": "79878",
    "stop_name": "142nd Pl SE & SE 32nd St"
   },
   "type": "Feature"
  },
  {
   "geometry": {
    "coordinates": [
     -122.18106,
     47.56464
    ],
    "type": "Point"
   },
   "properties": {
    "alerts": 1,
    "pm_peak_alerts": 1,
    "routes": [
     [
      "240",
      1
     ]
    ],
    "stop_id": "79880",
    "stop_name": "Factoria Blvd SE & SE 40th Ln"
   },
   "type": "Feature"
  },
  {
   "geometry": {
    "coordinates": [
     -122.28769,
     47.46389
    ],
    "type": "Point"
   },
   "properties": {
    "alerts": 1,
    "pm_peak_alerts": 1,
    "routes": [
     [
      "F Line",
      1
     ]
    ],
    "stop_id": "79972",
    "stop_name": "S 154th St & 32nd Ave S"
   },
   "type": "Feature"
  },
  {
   "geometry": {
    "coordinates": [
     -122.266,
     47.38946
    ],
    "type": "Point"
   },
   "properties": {
    "alerts": 1,
    "pm_peak_alerts": 0,
    "routes": [
     [
      "164",
      1
     ]
    ],
    "stop_id": "80051",
    "stop_name": "Lakeside Blvd W & 55th Pl S"
   },
   "type": "Feature"
  },
  {
   "geometry": {
    "coordinates": [
     -122.16937,
     47.57593
    ],
    "type": "Point"
   },
   "properties": {
    "alerts": 1,
    "pm_peak_alerts": 0,
    "routes": [
     [
      "240",
      1
     ]
    ],
    "stop_id": "80412",
    "stop_name": "Factoria Blvd SE & SE 38th St"
   },
   "type": "Feature"
  },
  {
   "geometry": {
    "coordinates": [
     -122.26288,
     47.47885
    ],
    "type": "Point"
   },
   "properties": {
    "alerts": 1,
    "pm_peak_alerts": 1,
    "routes": [
     [
      "150",
      1
     ]
    ],
    "stop_id": "80710",
    "stop_name": "Interurban Ave S & 52nd Ave S - Bay 1"
   },
   "type": "Feature"
  },
  {
   "geometry": {
    "coordinates": [
     -122.27066,
     47.48392
    ],
    "type": "Point"
   },
   "properties": {
    "alerts": 1,
    "pm_peak_alerts": 1,
    "routes": [
     [
      "150",
      1
     ]
    ],
    "stop_id": "80720",
    "stop_name": "Interurban Ave S & 52nd Ave S - Bay 2"
   },
   "type": "Feature"
  },
  {
   "geometry": {
    "coordinates": [
     -122.22342,
     47.47302
    ],
    "type": "Point"
   },
   "properties": {
    "alerts": 1,
    "pm_peak_alerts": 0,
    "routes": [
     [
      "F Line",
      1
     ]
    ],
    "stop_id": "80761",
    "stop_name": "Lind Ave SW & SW Grady Way"
   },
   "type": "Feature"
  },
  {
   "geometry": {
    "coordinates": [
     -122.26998,
     47.52422
    ],
    "type": "Point"
   },
   "properties": {
    "alerts": 1,
    "pm_peak_alerts": 0,
    "routes": [
     [
      "7",
      1
     ]
    ],
    "stop_id": "8100",
    "stop_name": "Rainier Ave S & Cloverdale Pl S"
   },
   "type": "Feature"
  },
  {
   "geometry": {
    "coordinates": [
     -122.32388,
     47.7375
    ],
    "type": "Point"
   },
   "properties": {
    "alerts": 1,
    "pm_peak_alerts": 0,
    "routes": [
     [
      "65",
      1
     ]
    ],
    "stop_id": "81301",
    "stop_name": "Shoreline South/148th Station - Bay 2"
   },
   "type": "Feature"
  },
  {
   "geometry": {
    "coordinates": [
     -122.32257,
     47.76342
    ],
    "type": "Point"
   },
   "properties": {
    "alerts": 1,
    "pm_peak_alerts": 1,
    "routes": [
     [
      "348",
      1
     ]
    ],
    "stop_id": "81322",
    "stop_name": "NE 185th St & 3rd Ave NE"
   },
   "type": "Feature"
  },
  {
   "geometry": {
    "coordinates": [
     -122.03684,
     47.58257
    ],
    "type": "Point"
   },
   "properties": {
    "alerts": 1,
    "pm_peak_alerts": 1,
    "routes": [
     [
      "269",
      1
     ]
    ],
    "stop_id": "81684",
    "stop_name": "South Sammamish P&R - Bay 1"
   },
   "type": "Feature"
  },
  {
   "geometry": {
    "coordinates": [
     -122.02488,
     47.56111
    ],
    "type": "Point"
   },
   "properties": {
    "alerts": 1,
    "pm_peak_alerts": 1,
    "routes": [
     [
      "269",
      1
     ]
    ],
    "stop_id": "81743",
    "stop_name": "Issaquah Pine Lake Rd SE & SE 47th Way"
   },
   "type": "Feature"
  },
  {
   "geometry": {
    "coordinates": [
     -122.27894,
     47.55267
    ],
    "type": "Point"
   },
   "properties": {
    "alerts": 1,
    "pm_peak_alerts": 0,
    "routes": [
     [
      "7",
      1
     ]
    ],
    "stop_id": "8250",
    "stop_name": "Rainier Ave S & S Orcas St"
   },
   "type": "Feature"
  },
  {
   "geometry": {
    "coordinates": [
     -122.16305,
     47.53754
    ],
    "type": "Point"
   },
   "properties": {
    "alerts": 1,
    "pm_peak_alerts": 0,
    "routes": [
     [
      "240",
      1
     ]
    ],
    "stop_id": "82792",
    "stop_name": "Coal Creek Pkwy SE & SE 76th St"
   },
   "type": "Feature"
  },
  {
   "geometry": {
    "coordinates": [
     -122.19473,
     47.59495
    ],
    "type": "Point"
   },
   "properties": {
    "alerts": 1,
    "pm_peak_alerts": 1,
    "routes": [
     [
      "240",
      1
     ]
    ],
    "stop_id": "84264",
    "stop_name": "South Bellevue Station Bus Plaza - Bay 2"
   },
   "type": "Feature"
  },
  {
   "geometry": {
    "coordinates": [
     -122.19032,
     47.58609
    ],
    "type": "Point"
   },
   "properties": {
    "alerts": 1,
    "pm_peak_alerts": 0,
    "routes": [
     [
      "240",
      1
     ]
    ],
    "stop_id": "84270",
    "stop_name": "Bellevue Way SE & 113th Ave SE"
   },
   "type": "Feature"
  },
  {
   "geometry": {
    "coordinates": [
     -122.31749,
     47.59918
    ],
    "type": "Point"
   },
   "properties": {
    "alerts": 1,
    "pm_peak_alerts": 0,
    "routes": [
     [
      "106",
      1
     ]
    ],
    "stop_id": "8541",
    "stop_name": "S Jackson St & 12th Ave S"
   },
   "type": "Feature"
  },
  {
   "geometry": {
    "coordinates": [
     -122.31001,
     47.5939
    ],
    "type": "Point"
   },
   "properties": {
    "alerts": 1,
    "pm_peak_alerts": 0,
    "routes": [
     [
      "7",
      1
     ]
    ],
    "stop_id": "8590",
    "stop_name": "Rainier Ave S & S Charles St"
   },
   "type": "Feature"
  },
  {
   "geometry": {
    "coordinates": [
     -122.30719,
     47.5902
    ],
    "type": "Point"
   },
   "properties": {
    "alerts": 1,
    "pm_peak_alerts": 1,
    "routes": [
     [
      "7",
      1
     ]
    ],
    "stop_id": "8620",
    "stop_name": "Rainier Ave S & S State St"
   },
   "type": "Feature"
  },
  {
   "geometry": {
    "coordinates": [
     -122.30371,
     47.5836
    ],
    "type": "Point"
   },
   "properties": {
    "alerts": 1,
    "pm_peak_alerts": 1,
    "routes": [
     [
      "7",
      1
     ]
    ],
    "stop_id": "8641",
    "stop_name": "Rainier Ave S & S Walker St"
   },
   "type": "Feature"
  },
  {
   "geometry": {
    "coordinates": [
     -122.29091,
     47.56987
    ],
    "type": "Point"
   },
   "properties": {
    "alerts": 1,
    "pm_peak_alerts": 0,
    "routes": [
     [
      "7",
      1
     ]
    ],
    "stop_id": "8730",
    "stop_name": "Rainier Ave S & Letitia Ave S"
   },
   "type": "Feature"
  },
  {
   "geometry": {
    "coordinates": [
     -122.28934,
     47.5681
    ],
    "type": "Point"
   },
   "properties": {
    "alerts": 1,
    "pm_peak_alerts": 0,
    "routes": [
     [
      "7",
      1
     ]
    ],
    "stop_id": "8760",
    "stop_name": "Rainier Ave S & S Genesee St"
   },
   "type": "Feature"
  },
  {
   "geometry": {
    "coordinates": [
     -122.27653,
     47.54731
    ],
    "type": "Point"
   },
   "properties": {
    "alerts": 1,
    "pm_peak_alerts": 0,
    "routes": [
     [
      "7",
      1
     ]
    ],
    "stop_id": "8850",
    "stop_name": "Rainier Ave S & S Kenny St"
   },
   "type": "Feature"
  },
  {
   "geometry": {
    "coordinates": [
     -122.27264,
     47.54225
    ],
    "type": "Point"
   },
   "properties": {
    "alerts": 1,
    "pm_peak_alerts": 0,
    "routes": [
     [
      "7",
      1
     ]
    ],
    "stop_id": "8890",
    "stop_name": "Rainier Ave S & S Holly St"
   },
   "type": "Feature"
  },
  {
   "geometry": {
    "coordinates": [
     -122.26998,
     47.52997
    ],
    "type": "Point"
   },
   "properties": {
    "alerts": 1,
    "pm_peak_alerts": 1,
    "routes": [
     [
      "7",
      1
     ]
    ],
    "stop_id": "8970",
    "stop_name": "Rainier Ave S & S Rose St"
   },
   "type": "Feature"
  },
  {
   "geometry": {
    "coordinates": [
     -122.26998,
     47.52368
    ],
    "type": "Point"
   },
   "properties": {
    "alerts": 1,
    "pm_peak_alerts": 1,
    "routes": [
     [
      "7",
      1
     ]
    ],
    "stop_id": "9000",
    "stop_name": "Rainier Ave S & S Henderson St"
   },
   "type": "Feature"
  },
  {
   "geometry": {
    "coordinates": [
     -122.3131,
     47.66308
    ],
    "type": "Point"
   },
   "properties": {
    "alerts": 1,
    "pm_peak_alerts": 1,
    "routes": [
     [
      "45",
      1
     ]
    ],
    "stop_id": "9133",
    "stop_name": "University Way NE & NE 45th St"
   },
   "type": "Feature"
  },
  {
   "geometry": {
    "coordinates": [
     -122.31886,
     47.65493
    ],
    "type": "Point"
   },
   "properties": {
    "alerts": 1,
    "pm_peak_alerts": 1,
    "routes": [
     [
      "70",
      1
     ]
    ],
    "stop_id": "9140",
    "stop_name": "University Bridge & NE 40th St"
   },
   "type": "Feature"
  },
  {
   "geometry": {
    "coordinates": [
     -122.31321,
     47.65787
    ],
    "type": "Point"
   },
   "properties": {
    "alerts": 1,
    "pm_peak_alerts": 0,
    "routes": [
     [
      "75",
      1
     ]
    ],
    "stop_id": "9142",
    "stop_name": "University Way NE & NE 41st St"
   },
   "type": "Feature"
  },
  {
   "geometry": {
    "coordinates": [
     -122.31279,
     47.65621
    ],
    "type": "Point"
   },
   "properties": {
    "alerts": 1,
    "pm_peak_alerts": 0,
    "routes": [
     [
      "67",
      1
     ]
    ],
    "stop_id": "9147",
    "stop_name": "Brooklyn Ave NE & NE Campus Pkwy - Bay 3"
   },
   "type": "Feature"
  },
  {
   "geometry": {
    "coordinates": [
     -122.32588,
     47.63832
    ],
    "type": "Point"
   },
   "properties": {
    "alerts": 1,
    "pm_peak_alerts": 1,
    "routes": [
     [
      "70",
      1
     ]
    ],
    "stop_id": "9220",
    "stop_name": "Eastlake Ave E & E Newton St"
   },
   "type": "Feature"
  },
  {
   "geometry": {
    "coordinates": [
     -122.31314,
     47.6603
    ],
    "type": "Point"
   },
   "properties": {
    "alerts": 1,
    "pm_peak_alerts": 1,
    "routes": [
     [
      "77",
      1
     ]
    ],
    "stop_id": "9584",
    "stop_name": "University Way NE & NE 45th St"
   },
   "type": "Feature"
  },
  {
   "geometry": {
    "coordinates": [
     -122.29541,
     47.72065
    ],
    "type": "Point"
   },
   "properties": {
    "alerts": 1,
    "pm_peak_alerts": 0,
    "routes": [
     [
      "65",
      1
     ]
    ],
    "stop_id": "9670",
    "stop_name": "NE 125th St & Lake City Way NE"
   },
   "type": "Feature"
  },
  {
   "geometry": {
    "coordinates": [
     -122.32748,
     47.57256
    ],
    "type": "Point"
   },
   "properties": {
    "alerts": 1,
    "pm_peak_alerts": 0,
    "routes": [
     [
      "150",
      1
     ]
    ],
    "stop_id": "99254",
    "stop_name": "SODO Busway & S Lander St"
   },
   "type": "Feature"
  },
  {
   "geometry": {
    "coordinates": [
     -122.32807,
     47.59231
    ],
    "type": "Point"
   },
   "properties": {
    "alerts": 1,
    "pm_peak_alerts": 1,
    "routes": [
     [
      "150",
      1
     ]
    ],
    "stop_id": "99267",
    "stop_name": "SODO Busway & S Royal Brougham Way"
   },
   "type": "Feature"
  }
 ],
 "type": "FeatureCollection",
 "window": {
  "first": "2026-09-24",
  "last": "2026-09-26"
 }
}
